fips,state_fips,county_fips,areaname,state_name,county_name,fipsst,fipsco,region,division,pop1970,pop1971,pop1972,pop1973,pop1974,pop1975,pop1976,pop1977,pop1978,pop1979,pop1980,pop1981,pop1982,pop1983,pop1984,pop1985,pop1986,pop1987,pop1988,pop1989,pop1990,pop1991,pop1992,pop1993,pop1994,pop1995,pop1996,pop1997,pop1998,pop1999,pop2000,pop2001,pop2002,pop2003,pop2004,pop2005,pop2006,pop2007,pop2008,pop2009,pop19904,pop20104,base20104,pop2010,pop2011,pop2012,pop2013,pop2014
13000,13,0,Georgia,Georgia,Georgia,13,000,3,5,4587930,4710000,4807000,4907000,4995000,5058000,5126000,5212000,5286000,5391000,5462989,5568346,5649788,5728248,5834943,5962639,6084645,6208479,6316139,6411117,6506531,6621279,6759474,6894092,7045900,7188538,7332225,7486094,7636522,7788240,8230161,8419594,8585535,8735259,8913676,9097428,9330086,9533761,9697838,9829211,6478149,NA,NA,NA,NA,NA,NA,NA
13001,13,13001,"Appling County, Georgia",Georgia,Appling County,13,13001,NA,NA,NA,NA,NA,NA,NA,NA,NA,NA,NA,NA,NA,NA,NA,NA,NA,NA,NA,NA,NA,NA,NA,NA,NA,NA,NA,NA,NA,NA,NA,NA,NA,NA,NA,NA,NA,NA,NA,NA,NA,NA,NA,18236,18236,18337,18458,18379,18391,18540
13001,13,1,Appling County,Georgia,Appling County,13,001,3,5,12726,13300,13600,14400,14500,14800,15200,15500,15500,15200,15565,15362,15601,15787,15977,15857,15745,15719,15814,15749,15758,15935,16018,16053,16038,16182,16294,16386,16547,16675,17408,17458,17513,17729,17726,17713,17682,17905,18044,18011,15744,NA,NA,NA,NA,NA,NA,NA
13003,13,3,Atkinson County,Georgia,Atkinson County,13,003,3,5,5879,5700,5800,5900,6000,6000,6100,6100,6200,6100,6141,6180,6177,6132,6196,6332,6373,6298,6265,6231,6216,6204,6265,6481,6588,6749,6959,7137,7158,7295,7610,7627,7708,7923,7893,7976,8049,8165,8198,8230,6213,NA,NA,NA,NA,NA,NA,NA
13003,13,13003,"Atkinson County, Georgia",Georgia,Atkinson County,13,13003,NA,NA,NA,NA,NA,NA,NA,NA,NA,NA,NA,NA,NA,NA,NA,NA,NA,NA,NA,NA,NA,NA,NA,NA,NA,NA,NA,NA,NA,NA,NA,NA,NA,NA,NA,NA,NA,NA,NA,NA,NA,NA,NA,8375,8382,8365,8364,8247,8287,8223
13005,13,13005,"Bacon County, Georgia",Georgia,Bacon County,13,13005,NA,NA,NA,NA,NA,NA,NA,NA,NA,NA,NA,NA,NA,NA,NA,NA,NA,NA,NA,NA,NA,NA,NA,NA,NA,NA,NA,NA,NA,NA,NA,NA,NA,NA,NA,NA,NA,NA,NA,NA,NA,NA,NA,11096,11096,11090,11191,11186,11230,11281
13005,13,5,Bacon County,Georgia,Bacon County,13,005,3,5,8233,8500,8600,8900,8900,9100,9200,9400,9300,9200,9379,9477,9577,9648,9734,9718,9732,9884,9701,9620,9579,9602,9783,10067,10301,10356,10373,10314,10364,10365,10122,10098,10008,10091,10059,10277,10345,10564,10532,10601,9566,NA,NA,NA,NA,NA,NA,NA
13007,13,7,Baker County,Georgia,Baker County,13,007,3,5,3875,3600,3700,3900,3800,3700,3800,3800,3900,3800,3808,3796,3916,3870,3779,3827,3793,3783,3690,3647,3606,3685,3622,3723,3684,3744,3693,3719,3627,3617,4053,4038,3954,4154,4056,3996,3902,3744,3772,3637,3615,NA,NA,NA,NA,NA,NA,NA
13007,13,13007,"Baker County, Georgia",Georgia,Baker County,13,13007,NA,NA,NA,NA,NA,NA,NA,NA,NA,NA,NA,NA,NA,NA,NA,NA,NA,NA,NA,NA,NA,NA,NA,NA,NA,NA,NA,NA,NA,NA,NA,NA,NA,NA,NA,NA,NA,NA,NA,NA,NA,NA,NA,3451,3451,3443,3323,3369,3321,3255
13009,13,13009,"Baldwin County, Georgia",Georgia,Baldwin County,13,13009,NA,NA,NA,NA,NA,NA,NA,NA,NA,NA,NA,NA,NA,NA,NA,NA,NA,NA,NA,NA,NA,NA,NA,NA,NA,NA,NA,NA,NA,NA,NA,NA,NA,NA,NA,NA,NA,NA,NA,NA,NA,NA,NA,45720,45835,45685,45081,46455,46139,45909
13009,13,9,Baldwin County,Georgia,Baldwin County,13,009,3,5,34240,34900,33900,34200,34300,35700,34600,34800,33800,34500,34686,35366,36758,37242,37478,38241,38520,38897,39345,39465,39567,39948,40344,40958,41050,41411,41660,41902,41883,42181,44738,44716,45061,45136,45446,45699,45754,46521,46950,46337,39530,NA,NA,NA,NA,NA,NA,NA
13011,13,13011,"Banks County, Georgia",Georgia,Banks County,13,13011,NA,NA,NA,NA,NA,NA,NA,NA,NA,NA,NA,NA,NA,NA,NA,NA,NA,NA,NA,NA,NA,NA,NA,NA,NA,NA,NA,NA,NA,NA,NA,NA,NA,NA,NA,NA,NA,NA,NA,NA,NA,NA,NA,18395,18395,18403,18330,18232,18325,18295
13011,13,11,Banks County,Georgia,Banks County,13,011,3,5,6833,6800,7100,7100,7200,7400,7600,8100,8200,8400,8702,8719,8927,9023,9283,9473,9640,9928,10155,10155,10360,10444,10686,10809,11020,11489,11867,12475,12821,13166,14504,14841,15136,15332,15593,15913,16121,16443,16665,16799,10308,NA,NA,NA,NA,NA,NA,NA
13013,13,13,Barrow County,Georgia,Barrow County,13,013,3,5,16859,17500,18500,18600,19200,19600,19700,20000,20300,20900,21354,21952,22371,23046,23872,24757,25781,26574,27376,28656,30054,31067,32014,33144,34440,35706,37435,38909,40438,41891,46561,48461,50982,53069,56198,59390,63317,67170,70255,72158,29721,NA,NA,NA,NA,NA,NA,NA
13013,13,13013,"Barrow County, Georgia",Georgia,Barrow County,13,13013,NA,NA,NA,NA,NA,NA,NA,NA,NA,NA,NA,NA,NA,NA,NA,NA,NA,NA,NA,NA,NA,NA,NA,NA,NA,NA,NA,NA,NA,NA,NA,NA,NA,NA,NA,NA,NA,NA,NA,NA,NA,NA,NA,69367,69367,69681,69846,70171,71425,73240
13015,13,13015,"Bartow County, Georgia",Georgia,Bartow County,13,13015,NA,NA,NA,NA,NA,NA,NA,NA,NA,NA,NA,NA,NA,NA,NA,NA,NA,NA,NA,NA,NA,NA,NA,NA,NA,NA,NA,NA,NA,NA,NA,NA,NA,NA,NA,NA,NA,NA,NA,NA,NA,NA,NA,100157,100157,100113,100242,100477,101289,101736
13015,13,15,Bartow County,Georgia,Bartow County,13,015,3,5,32911,34500,35700,37000,37400,37800,38300,39100,39300,40000,40760,41391,42427,43366,44418,45973,48223,50623,52535,54413,56372,58026,59358,59900,61497,63620,66231,69216,71937,74607,76703,79513,82246,84440,86145,88150,90369,92717,94999,96217,55915,NA,NA,NA,NA,NA,NA,NA
13017,13,13017,"Ben Hill County, Georgia",Georgia,Ben Hill County,13,13017,NA,NA,NA,NA,NA,NA,NA,NA,NA,NA,NA,NA,NA,NA,NA,NA,NA,NA,NA,NA,NA,NA,NA,NA,NA,NA,NA,NA,NA,NA,NA,NA,NA,NA,NA,NA,NA,NA,NA,NA,NA,NA,NA,17634,17634,17639,17599,17545,17490,17464
13017,13,17,Ben Hill County,Georgia,Ben Hill County,13,017,3,5,13171,13300,13600,14000,14300,14400,14500,14900,15200,15500,16000,16254,16361,16383,16519,16784,16712,16690,16663,16482,16215,16565,16626,16757,17069,17305,17326,17372,17471,17474,17473,17304,17168,17066,17076,17214,17505,17724,17665,17567,16245,NA,NA,NA,NA,NA,NA,NA
13019,13,19,Berrien County,Georgia,Berrien County,13,019,3,5,11556,11900,12300,12400,12700,12700,13000,13300,13600,13600,13525,13713,13798,13850,13968,13955,13818,14102,14160,14200,14163,14259,14413,14753,15150,15491,15722,15938,16317,16529,16250,16166,16243,16375,16519,16616,16699,16690,17022,17044,14153,NA,NA,NA,NA,NA,NA,NA
13019,13,13019,"Berrien County, Georgia",Georgia,Berrien County,13,13019,NA,NA,NA,NA,NA,NA,NA,NA,NA,NA,NA,NA,NA,NA,NA,NA,NA,NA,NA,NA,NA,NA,NA,NA,NA,NA,NA,NA,NA,NA,NA,NA,NA,NA,NA,NA,NA,NA,NA,NA,NA,NA,NA,19286,19286,19345,19342,19063,19005,18700
13021,13,13021,"Bibb County, Georgia",Georgia,Bibb County,13,13021,NA,NA,NA,NA,NA,NA,NA,NA,NA,NA,NA,NA,NA,NA,NA,NA,NA,NA,NA,NA,NA,NA,NA,NA,NA,NA,NA,NA,NA,NA,NA,NA,NA,NA,NA,NA,NA,NA,NA,NA,NA,NA,NA,155547,155510,155630,155850,156184,154615,153905
13021,13,21,Bibb County,Georgia,Bibb County,13,021,3,5,143366,145800,147200,147600,147500,149100,148800,150700,151300,151100,150256,150970,151671,152557,152467,151974,151310,150888,151281,150797,150288,151527,152031,153635,154345,154332,155061,156084,155946,155441,153854,153630,153979,153875,154388,154272,154870,154891,155079,156060,150137,NA,NA,NA,NA,NA,NA,NA
13023,13,13023,"Bleckley County, Georgia",Georgia,Bleckley County,13,13023,NA,NA,NA,NA,NA,NA,NA,NA,NA,NA,NA,NA,NA,NA,NA,NA,NA,NA,NA,NA,NA,NA,NA,NA,NA,NA,NA,NA,NA,NA,NA,NA,NA,NA,NA,NA,NA,NA,NA,NA,NA,NA,NA,13063,13063,13054,13059,12897,12755,12795
13023,13,23,Bleckley County,Georgia,Bleckley County,13,023,3,5,10291,10600,10800,10600,10600,10700,10800,10700,10800,10900,10767,10859,10776,10725,10684,10613,10424,10406,10337,10342,10456,10542,10577,10650,10733,10949,10892,11074,11157,11314,11677,11783,11682,11779,11945,12039,12422,12827,12777,12855,10430,NA,NA,NA,NA,NA,NA,NA
13025,13,25,Brantley County,Georgia,Brantley County,13,025,3,5,5940,6000,6200,6600,6900,7000,7200,7200,7300,7700,8701,8933,9191,9222,9497,9705,10158,10399,10587,10873,11111,11222,11537,11846,12328,12612,12908,13273,13528,13895,14668,14831,15055,15162,15224,15272,15363,15434,15496,15643,11077,NA,NA,NA,NA,NA,NA,NA
13025,13,13025,"Brantley County, Georgia",Georgia,Brantley County,13,13025,NA,NA,NA,NA,NA,NA,NA,NA,NA,NA,NA,NA,NA,NA,NA,NA,NA,NA,NA,NA,NA,NA,NA,NA,NA,NA,NA,NA,NA,NA,NA,NA,NA,NA,NA,NA,NA,NA,NA,NA,NA,NA,NA,18411,18410,18465,18581,18555,18299,18417
13027,13,13027,"Brooks County, Georgia",Georgia,Brooks County,13,13027,NA,NA,NA,NA,NA,NA,NA,NA,NA,NA,NA,NA,NA,NA,NA,NA,NA,NA,NA,NA,NA,NA,NA,NA,NA,NA,NA,NA,NA,NA,NA,NA,NA,NA,NA,NA,NA,NA,NA,NA,NA,NA,NA,16243,16324,16278,15968,15537,15631,15418
13027,13,27,Brooks County,Georgia,Brooks County,13,027,3,5,13743,14100,14500,14300,14400,14600,14800,14400,14300,15100,15255,15290,15455,15518,15489,15472,15448,15458,15523,15521,15374,15470,15419,15737,15599,15774,15725,15799,15914,16122,16457,16308,16247,16072,16142,16114,16327,16344,16481,16354,15398,NA,NA,NA,NA,NA,NA,NA
13029,13,29,Bryan County,Georgia,Bryan County,13,029,3,5,6539,6800,7100,7600,8100,8400,8700,8800,9100,9700,10175,10569,10569,10979,11222,11650,12299,13227,14173,14786,15665,16353,17487,18794,19961,21157,22209,23119,23395,24394,23509,24111,24862,25847,27030,27793,28808,30084,31301,32559,15438,NA,NA,NA,NA,NA,NA,NA
13029,13,13029,"Bryan County, Georgia",Georgia,Bryan County,13,13029,NA,NA,NA,NA,NA,NA,NA,NA,NA,NA,NA,NA,NA,NA,NA,NA,NA,NA,NA,NA,NA,NA,NA,NA,NA,NA,NA,NA,NA,NA,NA,NA,NA,NA,NA,NA,NA,NA,NA,NA,NA,NA,NA,30233,30238,30401,31238,32246,33133,33906
13031,13,31,Bulloch County,Georgia,Bulloch County,13,031,3,5,31585,32100,32500,32800,32800,32700,33400,33900,34300,35400,35785,36717,37277,37682,37755,38600,39348,40363,41210,42320,43317,44184,45340,46526,47666,48362,49236,49869,50554,50777,56223,57019,57683,59694,61274,63548,64860,66412,67795,69213,43125,NA,NA,NA,NA,NA,NA,NA
13031,13,13031,"Bulloch County, Georgia",Georgia,Bulloch County,13,13031,NA,NA,NA,NA,NA,NA,NA,NA,NA,NA,NA,NA,NA,NA,NA,NA,NA,NA,NA,NA,NA,NA,NA,NA,NA,NA,NA,NA,NA,NA,NA,NA,NA,NA,NA,NA,NA,NA,NA,NA,NA,NA,NA,70217,70217,70638,72842,72824,71308,72087
13033,13,33,Burke County,Georgia,Burke County,13,033,3,5,18255,18300,18200,18500,18300,18700,18700,19300,19400,19200,19349,19611,19912,20510,20419,20796,21282,20905,20982,20767,20540,20594,20951,21322,21481,21652,21846,22460,22825,23217,22276,22640,22674,22684,22818,22843,22731,22823,22840,22797,20579,NA,NA,NA,NA,NA,NA,NA
13033,13,13033,"Burke County, Georgia",Georgia,Burke County,13,13033,NA,NA,NA,NA,NA,NA,NA,NA,NA,NA,NA,NA,NA,NA,NA,NA,NA,NA,NA,NA,NA,NA,NA,NA,NA,NA,NA,NA,NA,NA,NA,NA,NA,NA,NA,NA,NA,NA,NA,NA,NA,NA,NA,23316,23316,23360,23559,23128,22925,22709
13035,13,35,Butts County,Georgia,Butts County,13,035,3,5,10560,11000,11100,12300,12500,12700,13000,13100,13500,13700,13665,13717,14598,14412,14410,14550,14710,15275,15334,15241,15409,15534,15642,15867,15645,16030,16546,17238,17822,18380,19737,20364,21232,21816,22026,22453,23101,23644,24388,24392,15326,NA,NA,NA,NA,NA,NA,NA
13035,13,13035,"Butts County, Georgia",Georgia,Butts County,13,13035,NA,NA,NA,NA,NA,NA,NA,NA,NA,NA,NA,NA,NA,NA,NA,NA,NA,NA,NA,NA,NA,NA,NA,NA,NA,NA,NA,NA,NA,NA,NA,NA,NA,NA,NA,NA,NA,NA,NA,NA,NA,NA,NA,23655,23655,23739,23562,23454,23222,23368
13037,13,37,Calhoun County,Georgia,Calhoun County,13,037,3,5,6606,6100,6100,6300,6400,6300,6200,6100,6000,5900,5717,5737,5672,5596,5520,5477,5397,5228,5131,5046,4999,4979,4859,4966,4938,4916,4918,5065,5002,4936,6322,6233,6261,6147,6127,6035,6086,5988,6152,6306,5013,NA,NA,NA,NA,NA,NA,NA
13037,13,13037,"Calhoun County, Georgia",Georgia,Calhoun County,13,13037,NA,NA,NA,NA,NA,NA,NA,NA,NA,NA,NA,NA,NA,NA,NA,NA,NA,NA,NA,NA,NA,NA,NA,NA,NA,NA,NA,NA,NA,NA,NA,NA,NA,NA,NA,NA,NA,NA,NA,NA,NA,NA,NA,6694,6694,6712,6549,6502,6517,6463
13039,13,13039,"Camden County, Georgia",Georgia,Camden County,13,13039,NA,NA,NA,NA,NA,NA,NA,NA,NA,NA,NA,NA,NA,NA,NA,NA,NA,NA,NA,NA,NA,NA,NA,NA,NA,NA,NA,NA,NA,NA,NA,NA,NA,NA,NA,NA,NA,NA,NA,NA,NA,NA,NA,50513,50513,50689,50332,51402,51517,52027
13039,13,39,Camden County,Georgia,Camden County,13,039,3,5,11334,11700,11400,11600,11400,11400,11300,11200,11000,12400,13371,14707,16093,16971,17797,18530,20309,22003,23906,27841,30795,34163,37568,39663,41190,40697,42953,45571,47322,47032,43758,44515,45609,44477,45215,45798,45601,47365,47973,48277,30167,NA,NA,NA,NA,NA,NA,NA
13043,13,13043,"Candler County, Georgia",Georgia,Candler County,13,13043,NA,NA,NA,NA,NA,NA,NA,NA,NA,NA,NA,NA,NA,NA,NA,NA,NA,NA,NA,NA,NA,NA,NA,NA,NA,NA,NA,NA,NA,NA,NA,NA,NA,NA,NA,NA,NA,NA,NA,NA,NA,NA,NA,10998,10998,11017,11304,11125,10944,10888
13043,13,43,Candler County,Georgia,Candler County,13,043,3,5,6412,6300,6400,6600,6700,7000,7100,7200,7300,7300,7518,7504,7610,7636,7609,7560,7502,7530,7581,7616,7778,7940,8023,8259,8444,8581,8614,8869,9099,8953,9581,9439,9761,9889,9966,10049,10246,10432,10495,10680,7744,NA,NA,NA,NA,NA,NA,NA
13045,13,13045,"Carroll County, Georgia",Georgia,Carroll County,13,13045,NA,NA,NA,NA,NA,NA,NA,NA,NA,NA,NA,NA,NA,NA,NA,NA,NA,NA,NA,NA,NA,NA,NA,NA,NA,NA,NA,NA,NA,NA,NA,NA,NA,NA,NA,NA,NA,NA,NA,NA,NA,NA,NA,110527,110591,110704,110722,111453,112388,114093
13045,13,45,Carroll County,Georgia,Carroll County,13,045,3,5,45404,47800,50100,51900,53200,54100,54800,55000,55100,55900,56346,57818,59634,61069,62069,63609,65134,67412,69289,70181,71869,72944,73799,74866,76452,77898,79545,81124,82904,84765,88009,91572,94874,98511,101304,104465,108255,111928,113781,114778,71422,NA,NA,NA,NA,NA,NA,NA
13047,13,13047,"Catoosa County, Georgia",Georgia,Catoosa County,13,13047,NA,NA,NA,NA,NA,NA,NA,NA,NA,NA,NA,NA,NA,NA,NA,NA,NA,NA,NA,NA,NA,NA,NA,NA,NA,NA,NA,NA,NA,NA,NA,NA,NA,NA,NA,NA,NA,NA,NA,NA,NA,NA,NA,63942,63940,64020,64839,64961,65335,65621
13047,13,47,Catoosa County,Georgia,Catoosa County,13,047,3,5,28271,29100,30200,31300,31800,31800,32900,33600,34600,35600,36991,37537,37943,38074,38490,39332,39633,40551,41360,41981,42691,43319,44228,45260,46354,47879,48266,49386,50709,52100,53626,54694,56060,57595,58831,59668,60999,62457,63215,64035,42464,NA,NA,NA,NA,NA,NA,NA
13049,13,13049,"Charlton County, Georgia",Georgia,Charlton County,13,13049,NA,NA,NA,NA,NA,NA,NA,NA,NA,NA,NA,NA,NA,NA,NA,NA,NA,NA,NA,NA,NA,NA,NA,NA,NA,NA,NA,NA,NA,NA,NA,NA,NA,NA,NA,NA,NA,NA,NA,NA,NA,NA,NA,12171,12171,12831,13410,13308,13044,12897
13049,13,49,Charlton County,Georgia,Charlton County,13,049,3,5,5680,6100,6200,6500,6600,6800,7100,7200,7500,7400,7343,7419,7554,7659,7892,7920,8060,8357,8399,8502,8493,8598,8802,9044,9186,9174,9275,9264,9433,9462,10270,10446,10494,10648,10541,10582,10767,10592,10833,10725,8496,NA,NA,NA,NA,NA,NA,NA
13051,13,51,Chatham County,Georgia,Chatham County,13,051,3,5,187816,182200,182800,182000,181300,188500,194100,199400,199700,201700,202226,205910,209224,209381,210545,211565,212854,215015,216061,215986,217365,219148,221850,223685,225307,225823,225423,225505,225297,225662,232347,233592,235712,236488,238992,239889,243761,248596,251151,256992,216774,NA,NA,NA,NA,NA,NA,NA
13051,13,13051,"Chatham County, Georgia",Georgia,Chatham County,13,13051,NA,NA,NA,NA,NA,NA,NA,NA,NA,NA,NA,NA,NA,NA,NA,NA,NA,NA,NA,NA,NA,NA,NA,NA,NA,NA,NA,NA,NA,NA,NA,NA,NA,NA,NA,NA,NA,NA,NA,NA,NA,NA,NA,265128,265133,265996,272002,276710,278428,283379
13053,13,53,Chattahoochee County,Georgia,Chattahoochee County,13,053,3,5,25813,20300,14800,15000,16800,17400,19500,16400,22400,21900,21732,19927,21329,20551,20044,19408,18539,18186,18433,17469,16787,15191,16414,15958,15674,15925,16130,16337,16408,16654,14990,15974,19189,17448,17497,16275,13463,13905,13774,14402,16934,NA,NA,NA,NA,NA,NA,NA
13053,13,13053,"Chattahoochee County, Georgia",Georgia,Chattahoochee County,13,13053,NA,NA,NA,NA,NA,NA,NA,NA,NA,NA,NA,NA,NA,NA,NA,NA,NA,NA,NA,NA,NA,NA,NA,NA,NA,NA,NA,NA,NA,NA,NA,NA,NA,NA,NA,NA,NA,NA,NA,NA,NA,NA,NA,11267,11267,11179,11293,12570,12350,11837
13055,13,55,Chattooga County,Georgia,Chattooga County,13,055,3,5,20541,21400,21300,21800,22300,22300,22300,22500,22000,22000,21856,21892,21732,21690,21814,21798,21885,22001,22155,22295,22233,22372,22381,22561,22720,22824,22892,22897,22748,22858,25495,25819,25922,26276,25910,25956,26168,26870,26845,26619,22236,NA,NA,NA,NA,NA,NA,NA
13055,13,13055,"Chattooga County, Georgia",Georgia,Chattooga County,13,13055,NA,NA,NA,NA,NA,NA,NA,NA,NA,NA,NA,NA,NA,NA,NA,NA,NA,NA,NA,NA,NA,NA,NA,NA,NA,NA,NA,NA,NA,NA,NA,NA,NA,NA,NA,NA,NA,NA,NA,NA,NA,NA,NA,26015,26015,25980,25705,25676,25120,24939
13057,13,57,Cherokee County,Georgia,Cherokee County,13,057,3,5,31059,32700,34700,36700,39300,40600,42600,44300,45800,49100,51699,54327,56171,58695,61861,66476,71560,77813,82872,87048,91393,96818,101917,103226,108930,114743,121187,127110,134352,141686,143783,151348,159006,165961,173692,182858,194219,203890,210115,215084,90204,NA,NA,NA,NA,NA,NA,NA
13057,13,13057,"Cherokee County, Georgia",Georgia,Cherokee County,13,13057,NA,NA,NA,NA,NA,NA,NA,NA,NA,NA,NA,NA,NA,NA,NA,NA,NA,NA,NA,NA,NA,NA,NA,NA,NA,NA,NA,NA,NA,NA,NA,NA,NA,NA,NA,NA,NA,NA,NA,NA,NA,NA,NA,214346,214346,215216,217770,220914,224869,230985
13059,13,13059,"Clarke County, Georgia",Georgia,Clarke County,13,13059,NA,NA,NA,NA,NA,NA,NA,NA,NA,NA,NA,NA,NA,NA,NA,NA,NA,NA,NA,NA,NA,NA,NA,NA,NA,NA,NA,NA,NA,NA,NA,NA,NA,NA,NA,NA,NA,NA,NA,NA,NA,NA,NA,116714,116707,117484,118509,120270,121206,120938
13059,13,59,Clarke County,Georgia,Clarke County,13,059,3,5,65177,67100,69800,73100,74200,74100,71300,71300,71600,72600,74498,77033,77682,78923,80032,81146,81673,83102,84668,86518,87820,87997,88345,88751,90206,89954,90218,90696,90516,90638,101972,103471,104241,105840,109289,109083,111524,113457,115154,116342,87594,NA,NA,NA,NA,NA,NA,NA
13061,13,13061,"Clay County, Georgia",Georgia,Clay County,13,13061,NA,NA,NA,NA,NA,NA,NA,NA,NA,NA,NA,NA,NA,NA,NA,NA,NA,NA,NA,NA,NA,NA,NA,NA,NA,NA,NA,NA,NA,NA,NA,NA,NA,NA,NA,NA,NA,NA,NA,NA,NA,NA,NA,3183,3183,3160,3150,3102,3037,3102
13061,13,61,Clay County,Georgia,Clay County,13,061,3,5,3636,3500,3700,3700,3600,3500,3600,3600,3600,3600,3553,3554,3526,3479,3513,3509,3414,3383,3421,3426,3346,3347,3405,3450,3428,3405,3398,3461,3493,3524,3366,3361,3298,3275,3202,3158,3162,3181,3164,3113,3364,NA,NA,NA,NA,NA,NA,NA
13063,13,63,Clayton County,Georgia,Clayton County,13,063,3,5,98126,106800,112900,123500,132000,134200,136400,140700,143500,148500,150357,154521,155788,157971,160740,164026,167497,170945,174611,179221,182416,184895,187920,190957,194809,198397,201748,204800,208997,213727,238383,247251,252560,257983,262316,264866,268907,272705,276009,275772,181436,NA,NA,NA,NA,NA,NA,NA
13063,13,13063,"Clayton County, Georgia",Georgia,Clayton County,13,13063,NA,NA,NA,NA,NA,NA,NA,NA,NA,NA,NA,NA,NA,NA,NA,NA,NA,NA,NA,NA,NA,NA,NA,NA,NA,NA,NA,NA,NA,NA,NA,NA,NA,NA,NA,NA,NA,NA,NA,NA,NA,NA,NA,259424,259467,259824,262643,266253,264843,267542
13065,13,65,Clinch County,Georgia,Clinch County,13,065,3,5,6405,6500,6300,6500,6500,6500,6600,6500,6500,6600,6660,6690,6599,6601,6604,6575,6546,6495,6276,6233,6156,6242,6235,6345,6440,6455,6564,6590,6649,6677,6868,6861,6906,7012,6973,7044,6935,6964,7089,6988,6160,NA,NA,NA,NA,NA,NA,NA
13065,13,13065,"Clinch County, Georgia",Georgia,Clinch County,13,13065,NA,NA,NA,NA,NA,NA,NA,NA,NA,NA,NA,NA,NA,NA,NA,NA,NA,NA,NA,NA,NA,NA,NA,NA,NA,NA,NA,NA,NA,NA,NA,NA,NA,NA,NA,NA,NA,NA,NA,NA,NA,NA,NA,6798,6798,6788,6750,6715,6802,6831
13067,13,67,Cobb County,Georgia,Cobb County,13,067,3,5,196793,207100,215100,227700,242900,249600,256500,265800,275800,287300,297718,311490,321994,336050,353206,372905,392568,411475,428287,439006,450812,463136,476494,494889,508747,524760,536992,551288,566060,583541,612633,626934,637772,643816,652358,661442,679699,691496,704822,714692,447745,NA,NA,NA,NA,NA,NA,NA
13067,13,13067,"Cobb County, Georgia",Georgia,Cobb County,13,13067,NA,NA,NA,NA,NA,NA,NA,NA,NA,NA,NA,NA,NA,NA,NA,NA,NA,NA,NA,NA,NA,NA,NA,NA,NA,NA,NA,NA,NA,NA,NA,NA,NA,NA,NA,NA,NA,NA,NA,NA,NA,NA,NA,688078,688076,689692,697682,708036,718208,730981
13069,13,69,Coffee County,Georgia,Coffee County,13,069,3,5,22828,23600,24100,25000,25400,25800,26000,25900,25900,26500,26894,27095,27360,27611,27887,28337,29027,29116,29182,29403,29719,30024,30715,31232,31939,32582,33080,33800,34230,34958,37566,38194,38526,38756,38835,39145,39881,40353,40742,40868,29592,NA,NA,NA,NA,NA,NA,NA
13069,13,13069,"Coffee County, Georgia",Georgia,Coffee County,13,13069,NA,NA,NA,NA,NA,NA,NA,NA,NA,NA,NA,NA,NA,NA,NA,NA,NA,NA,NA,NA,NA,NA,NA,NA,NA,NA,NA,NA,NA,NA,NA,NA,NA,NA,NA,NA,NA,NA,NA,NA,NA,NA,NA,42356,42356,42738,42964,43093,43129,42811
13071,13,71,Colquitt County,Georgia,Colquitt County,13,071,3,5,32298,32800,33200,33700,34300,34200,34000,34300,34300,35000,35376,35770,36205,36238,36445,36500,36709,36987,36915,36681,36708,36750,37092,37341,37635,38192,38777,39601,40229,40724,42132,42289,42706,42801,43275,43342,44101,44718,45410,45596,36645,NA,NA,NA,NA,NA,NA,NA
13071,13,13071,"Colquitt County, Georgia",Georgia,Colquitt County,13,13071,NA,NA,NA,NA,NA,NA,NA,NA,NA,NA,NA,NA,NA,NA,NA,NA,NA,NA,NA,NA,NA,NA,NA,NA,NA,NA,NA,NA,NA,NA,NA,NA,NA,NA,NA,NA,NA,NA,NA,NA,NA,NA,NA,45498,45498,45648,45804,46095,46288,46102
13073,13,73,Columbia County,Georgia,Columbia County,13,073,3,5,22327,23100,23300,25600,27200,29800,32500,34200,35300,38700,40118,41797,43509,45704,48547,51891,55600,58489,60746,63236,66910,70105,72669,76616,80051,83954,86087,88695,90854,93312,89781,91533,94135,96391,99585,102209,105558,108859,110491,112958,66031,NA,NA,NA,NA,NA,NA,NA
13073,13,13073,"Columbia County, Georgia",Georgia,Columbia County,13,13073,NA,NA,NA,NA,NA,NA,NA,NA,NA,NA,NA,NA,NA,NA,NA,NA,NA,NA,NA,NA,NA,NA,NA,NA,NA,NA,NA,NA,NA,NA,NA,NA,NA,NA,NA,NA,NA,NA,NA,NA,NA,NA,NA,124053,124053,124955,128753,132556,136287,139257
13075,13,13075,"Cook County, Georgia",Georgia,Cook County,13,13075,NA,NA,NA,NA,NA,NA,NA,NA,NA,NA,NA,NA,NA,NA,NA,NA,NA,NA,NA,NA,NA,NA,NA,NA,NA,NA,NA,NA,NA,NA,NA,NA,NA,NA,NA,NA,NA,NA,NA,NA,NA,NA,NA,17212,17212,17226,16979,16859,17025,17214
13075,13,75,Cook County,Georgia,Cook County,13,075,3,5,12129,12100,12600,12800,12900,12900,13000,13000,13200,13300,13490,13561,13651,13570,13577,13634,13570,13613,13635,13567,13457,13476,13463,13776,13994,14063,14297,14626,14988,15197,15840,15804,15880,15896,16110,16277,16231,16401,16581,16603,13456,NA,NA,NA,NA,NA,NA,NA
13077,13,13077,"Coweta County, Georgia",Georgia,Coweta County,13,13077,NA,NA,NA,NA,NA,NA,NA,NA,NA,NA,NA,NA,NA,NA,NA,NA,NA,NA,NA,NA,NA,NA,NA,NA,NA,NA,NA,NA,NA,NA,NA,NA,NA,NA,NA,NA,NA,NA,NA,NA,NA,NA,NA,127317,127317,127946,129480,130878,133222,135571
13077,13,77,Coweta County,Georgia,Coweta County,13,077,3,5,32310,33800,34500,35600,36200,36200,36500,36800,37300,38200,39268,40282,40933,41567,42698,44426,45792,47549,49765,51796,54527,57165,60311,63623,67919,72072,76420,80740,85118,89401,90148,93765,97424,100684,104496,108841,114324,118964,123416,127111,53853,NA,NA,NA,NA,NA,NA,NA
13079,13,79,Crawford County,Georgia,Crawford County,13,079,3,5,5748,6000,6000,6200,6500,6700,6900,7000,7300,7500,7684,7340,7393,7484,7688,7833,8093,8339,8581,8826,9030,9222,9241,9575,9847,10156,10428,10731,10655,10414,12429,12446,12447,12438,12572,12607,12617,12540,12553,12240,8991,NA,NA,NA,NA,NA,NA,NA
13079,13,13079,"Crawford County, Georgia",Georgia,Crawford County,13,13079,NA,NA,NA,NA,NA,NA,NA,NA,NA,NA,NA,NA,NA,NA,NA,NA,NA,NA,NA,NA,NA,NA,NA,NA,NA,NA,NA,NA,NA,NA,NA,NA,NA,NA,NA,NA,NA,NA,NA,NA,NA,NA,NA,12630,12630,12587,12605,12619,12481,12387
13081,13,81,Crisp County,Georgia,Crisp County,13,081,3,5,18087,18100,18500,19000,19300,19600,19500,19400,19400,19700,19489,19773,19994,19966,19974,20139,19984,20100,20074,20206,19991,20438,20329,20328,20543,20561,20694,20539,20693,20637,21971,22025,21993,21755,21778,21774,21914,22179,22233,22210,20011,NA,NA,NA,NA,NA,NA,NA
13081,13,13081,"Crisp County, Georgia",Georgia,Crisp County,13,13081,NA,NA,NA,NA,NA,NA,NA,NA,NA,NA,NA,NA,NA,NA,NA,NA,NA,NA,NA,NA,NA,NA,NA,NA,NA,NA,NA,NA,NA,NA,NA,NA,NA,NA,NA,NA,NA,NA,NA,NA,NA,NA,NA,23439,23439,23407,23785,23657,23232,22934
13083,13,13083,"Dade County, Georgia",Georgia,Dade County,13,13083,NA,NA,NA,NA,NA,NA,NA,NA,NA,NA,NA,NA,NA,NA,NA,NA,NA,NA,NA,NA,NA,NA,NA,NA,NA,NA,NA,NA,NA,NA,NA,NA,NA,NA,NA,NA,NA,NA,NA,NA,NA,NA,NA,16633,16633,16630,16591,16551,16502,16389
13083,13,83,Dade County,Georgia,Dade County,13,083,3,5,9910,10600,10700,11400,11800,11700,11700,11800,11800,12200,12318,12172,12207,12145,12277,12302,12527,12599,12722,13024,13190,13295,13346,13552,13929,14150,14477,14604,15057,15344,15176,15460,15592,15723,15797,15877,16018,16195,16132,16127,13183,NA,NA,NA,NA,NA,NA,NA
13085,13,85,Dawson County,Georgia,Dawson County,13,085,3,5,3639,3600,3600,4000,3900,4000,4200,4400,4500,4700,4774,5019,5261,5665,6167,6782,7325,8050,8624,9027,9543,9903,10288,10700,11317,12200,13046,13953,14898,15945,16304,16919,17546,18403,18810,19666,20721,21602,22104,22555,9429,NA,NA,NA,NA,NA,NA,NA
13085,13,13085,"Dawson County, Georgia",Georgia,Dawson County,13,13085,NA,NA,NA,NA,NA,NA,NA,NA,NA,NA,NA,NA,NA,NA,NA,NA,NA,NA,NA,NA,NA,NA,NA,NA,NA,NA,NA,NA,NA,NA,NA,NA,NA,NA,NA,NA,NA,NA,NA,NA,NA,NA,NA,22330,22339,22300,22214,22376,22651,22957
13087,13,87,Decatur County,Georgia,Decatur County,13,087,3,5,22310,22600,22500,23000,23700,24300,24700,24800,24700,25100,25495,25820,25899,25674,25848,25914,25740,25581,25591,25591,25550,25784,25875,26051,26181,26299,26433,26679,27021,27128,28245,27982,28079,28064,28125,27962,28377,28543,28754,28838,25517,NA,NA,NA,NA,NA,NA,NA
13087,13,13087,"Decatur County, Georgia",Georgia,Decatur County,13,13087,NA,NA,NA,NA,NA,NA,NA,NA,NA,NA,NA,NA,NA,NA,NA,NA,NA,NA,NA,NA,NA,NA,NA,NA,NA,NA,NA,NA,NA,NA,NA,NA,NA,NA,NA,NA,NA,NA,NA,NA,NA,NA,NA,27842,27842,27821,27663,27463,27372,27220
13089,13,13089,"DeKalb County, Georgia",Georgia,DeKalb County,13,13089,NA,NA,NA,NA,NA,NA,NA,NA,NA,NA,NA,NA,NA,NA,NA,NA,NA,NA,NA,NA,NA,NA,NA,NA,NA,NA,NA,NA,NA,NA,NA,NA,NA,NA,NA,NA,NA,NA,NA,NA,NA,NA,NA,691893,691894,692574,697953,708304,714935,722161
13089,13,89,DeKalb County,Georgia,DeKalb County,13,089,3,5,415387,440200,462700,467400,478000,477900,479600,487800,488500,480200,483024,487438,492317,499706,507335,518161,526966,533263,538476,542787,548227,555163,561524,568274,576469,582953,587594,590443,592870,596853,668826,682207,690039,697130,704512,716778,727078,733746,740426,747274,546174,NA,NA,NA,NA,NA,NA,NA
13091,13,13091,"Dodge County, Georgia",Georgia,Dodge County,13,13091,NA,NA,NA,NA,NA,NA,NA,NA,NA,NA,NA,NA,NA,NA,NA,NA,NA,NA,NA,NA,NA,NA,NA,NA,NA,NA,NA,NA,NA,NA,NA,NA,NA,NA,NA,NA,NA,NA,NA,NA,NA,NA,NA,21796,21797,21789,21462,21353,21243,20976
13091,13,91,Dodge County,Georgia,Dodge County,13,091,3,5,15658,16200,16500,16500,16700,16800,17000,17000,17100,16800,16955,17086,17063,17251,17261,17346,17349,17218,17317,17537,17647,17887,17710,17866,17788,17778,18030,18087,18120,18146,19156,19296,19346,19517,19483,19506,19686,19772,19764,19749,17607,NA,NA,NA,NA,NA,NA,NA
13093,13,93,Dooly County,Georgia,Dooly County,13,093,3,5,10404,10600,10900,10700,10800,10900,10900,11100,11100,10900,10826,10897,10714,10617,10630,10527,10359,10117,10020,9901,9914,9927,10027,10232,10104,10205,10390,10479,10409,10433,11495,11713,11570,11532,11534,11629,11702,11536,11517,11819,9901,NA,NA,NA,NA,NA,NA,NA
13093,13,13093,"Dooly County, Georgia",Georgia,Dooly County,13,13093,NA,NA,NA,NA,NA,NA,NA,NA,NA,NA,NA,NA,NA,NA,NA,NA,NA,NA,NA,NA,NA,NA,NA,NA,NA,NA,NA,NA,NA,NA,NA,NA,NA,NA,NA,NA,NA,NA,NA,NA,NA,NA,NA,14918,14918,14838,14548,14326,14313,14188
13095,13,95,Dougherty County,Georgia,Dougherty County,13,095,3,5,89639,93300,96400,96600,92100,93000,94900,97000,97700,99400,100710,101986,102359,101908,101568,101917,100808,99692,98595,97410,96269,96625,97538,97588,97405,96602,96304,95549,95019,94080,95884,96129,95783,95574,95051,95177,94990,95301,95322,95859,96321,NA,NA,NA,NA,NA,NA,NA
13095,13,13095,"Dougherty County, Georgia",Georgia,Dougherty County,13,13095,NA,NA,NA,NA,NA,NA,NA,NA,NA,NA,NA,NA,NA,NA,NA,NA,NA,NA,NA,NA,NA,NA,NA,NA,NA,NA,NA,NA,NA,NA,NA,NA,NA,NA,NA,NA,NA,NA,NA,NA,NA,NA,NA,94565,94565,94530,94839,94542,93130,92407
13097,13,97,Douglas County,Georgia,Douglas County,13,097,3,5,28659,31800,33900,40500,44200,45800,47400,48400,50800,53400,54573,55919,57293,58781,60578,62270,64684,66772,68812,70139,71613,73310,75101,77319,79735,81732,84290,86633,89398,91175,92700,95504,98222,101460,106596,112370,118777,124324,128111,129703,71120,NA,NA,NA,NA,NA,NA,NA
13097,13,13097,"Douglas County, Georgia",Georgia,Douglas County,13,13097,NA,NA,NA,NA,NA,NA,NA,NA,NA,NA,NA,NA,NA,NA,NA,NA,NA,NA,NA,NA,NA,NA,NA,NA,NA,NA,NA,NA,NA,NA,NA,NA,NA,NA,NA,NA,NA,NA,NA,NA,NA,NA,NA,132403,132339,132644,133280,133926,136560,138776
13099,13,13099,"Early County, Georgia",Georgia,Early County,13,13099,NA,NA,NA,NA,NA,NA,NA,NA,NA,NA,NA,NA,NA,NA,NA,NA,NA,NA,NA,NA,NA,NA,NA,NA,NA,NA,NA,NA,NA,NA,NA,NA,NA,NA,NA,NA,NA,NA,NA,NA,NA,NA,NA,11008,11004,10963,10742,10605,10511,10491
13099,13,99,Early County,Georgia,Early County,13,099,3,5,12682,12800,12900,12800,12700,12800,12900,12900,12900,13000,13158,13133,13051,12866,12836,12743,12505,12269,12058,12019,11854,11940,12063,12068,12065,12090,12158,12132,12171,12127,12339,12297,12185,12166,12031,12015,11974,11807,11698,11568,11854,NA,NA,NA,NA,NA,NA,NA
13101,13,13101,"Echols County, Georgia",Georgia,Echols County,13,13101,NA,NA,NA,NA,NA,NA,NA,NA,NA,NA,NA,NA,NA,NA,NA,NA,NA,NA,NA,NA,NA,NA,NA,NA,NA,NA,NA,NA,NA,NA,NA,NA,NA,NA,NA,NA,NA,NA,NA,NA,NA,NA,NA,4034,4034,4027,4096,3965,3997,4003
13101,13,101,Echols County,Georgia,Echols County,13,101,3,5,1924,2000,2000,1900,2100,2100,2100,2200,2200,2400,2297,2225,2177,2175,2250,2320,2320,2266,2298,2275,2351,2309,2269,2251,2176,2283,2342,2407,2361,2534,3794,3816,3823,3946,4062,4116,4113,4155,4190,4213,2334,NA,NA,NA,NA,NA,NA,NA
13103,13,103,Effingham County,Georgia,Effingham County,13,103,3,5,13632,14200,14400,15200,15500,15700,15900,16500,17300,18000,18327,18623,19321,19994,20696,21391,22212,22974,23827,24703,26014,26544,27397,28856,30369,31813,33172,35053,36565,38370,37812,39310,41088,42630,44288,46508,48787,50838,52110,53541,25687,NA,NA,NA,NA,NA,NA,NA
13103,13,13103,"Effingham County, Georgia",Georgia,Effingham County,13,13103,NA,NA,NA,NA,NA,NA,NA,NA,NA,NA,NA,NA,NA,NA,NA,NA,NA,NA,NA,NA,NA,NA,NA,NA,NA,NA,NA,NA,NA,NA,NA,NA,NA,NA,NA,NA,NA,NA,NA,NA,NA,NA,NA,52250,52250,52446,52673,53337,54488,55423
13105,13,13105,"Elbert County, Georgia",Georgia,Elbert County,13,13105,NA,NA,NA,NA,NA,NA,NA,NA,NA,NA,NA,NA,NA,NA,NA,NA,NA,NA,NA,NA,NA,NA,NA,NA,NA,NA,NA,NA,NA,NA,NA,NA,NA,NA,NA,NA,NA,NA,NA,NA,NA,NA,NA,20166,20166,20101,19823,19593,19514,19438
13105,13,105,Elbert County,Georgia,Elbert County,13,105,3,5,17262,17200,17700,17800,17800,18000,17900,18300,18300,18400,18758,18954,18991,18923,18963,18896,18914,18889,18959,19020,18950,19018,18959,19054,19134,19135,19220,19190,19322,19363,20497,20581,20656,20610,20735,20633,20679,20613,20575,20372,18949,NA,NA,NA,NA,NA,NA,NA
13107,13,107,Emanuel County,Georgia,Emanuel County,13,107,3,5,18357,18800,19700,19700,19900,20100,20400,20600,20800,20700,20795,20957,20885,20826,20904,20936,20924,20771,20671,20641,20579,20639,20688,20922,20853,20875,20960,20993,21017,21042,21862,21778,21710,21859,21757,22045,22455,22554,22973,23075,20546,NA,NA,NA,NA,NA,NA,NA
13107,13,13107,"Emanuel County, Georgia",Georgia,Emanuel County,13,13107,NA,NA,NA,NA,NA,NA,NA,NA,NA,NA,NA,NA,NA,NA,NA,NA,NA,NA,NA,NA,NA,NA,NA,NA,NA,NA,NA,NA,NA,NA,NA,NA,NA,NA,NA,NA,NA,NA,NA,NA,NA,NA,NA,22598,22594,22609,22581,22849,22861,22755
13109,13,109,Evans County,Georgia,Evans County,13,109,3,5,7290,8200,8400,7800,7900,8000,8300,8300,8400,8700,8428,8575,8546,8547,8466,8337,8303,8426,8551,8654,8731,8777,8936,9200,9195,9383,9535,9706,9923,10089,10564,10807,11061,11239,11192,11244,11307,11395,11587,11695,8724,NA,NA,NA,NA,NA,NA,NA
13109,13,13109,"Evans County, Georgia",Georgia,Evans County,13,13109,NA,NA,NA,NA,NA,NA,NA,NA,NA,NA,NA,NA,NA,NA,NA,NA,NA,NA,NA,NA,NA,NA,NA,NA,NA,NA,NA,NA,NA,NA,NA,NA,NA,NA,NA,NA,NA,NA,NA,NA,NA,NA,NA,11000,11001,11006,10965,10660,10813,10898
13111,13,13111,"Fannin County, Georgia",Georgia,Fannin County,13,13111,NA,NA,NA,NA,NA,NA,NA,NA,NA,NA,NA,NA,NA,NA,NA,NA,NA,NA,NA,NA,NA,NA,NA,NA,NA,NA,NA,NA,NA,NA,NA,NA,NA,NA,NA,NA,NA,NA,NA,NA,NA,NA,NA,23682,23693,23688,23505,23467,23746,23753
13111,13,111,Fannin County,Georgia,Fannin County,13,111,3,5,13357,13700,13900,14100,13800,14100,14500,14600,14700,14800,14748,14824,14899,14995,15091,15356,15449,15742,15815,15860,16048,16205,16543,16586,17032,17372,17744,18152,18575,18945,19947,20325,20876,21146,21527,21737,22233,22555,22701,22945,15992,NA,NA,NA,NA,NA,NA,NA
13113,13,113,Fayette County,Georgia,Fayette County,13,113,3,5,11364,12200,12600,14900,16300,17700,19200,20900,23500,26500,29043,31464,33701,36410,40034,43627,47668,51940,56070,59614,63264,66223,69470,72411,75711,78573,81796,85050,88733,92378,92082,94216,95988,98032,99951,102556,104842,105933,106398,106788,62415,NA,NA,NA,NA,NA,NA,NA
13113,13,13113,"Fayette County, Georgia",Georgia,Fayette County,13,13113,NA,NA,NA,NA,NA,NA,NA,NA,NA,NA,NA,NA,NA,NA,NA,NA,NA,NA,NA,NA,NA,NA,NA,NA,NA,NA,NA,NA,NA,NA,NA,NA,NA,NA,NA,NA,NA,NA,NA,NA,NA,NA,NA,106567,106566,106990,107211,107432,108355,109664
13115,13,13115,"Floyd County, Georgia",Georgia,Floyd County,13,13115,NA,NA,NA,NA,NA,NA,NA,NA,NA,NA,NA,NA,NA,NA,NA,NA,NA,NA,NA,NA,NA,NA,NA,NA,NA,NA,NA,NA,NA,NA,NA,NA,NA,NA,NA,NA,NA,NA,NA,NA,NA,NA,NA,96317,96317,96393,96182,96066,96025,96063
13115,13,115,Floyd County,Georgia,Floyd County,13,115,3,5,73742,75700,76300,77200,78000,78900,79500,80500,80200,79600,79800,79948,79897,79163,79223,79520,79804,80281,81046,81290,81376,81729,82118,82672,83052,83742,84276,84743,85138,85512,90811,91165,92612,93461,93864,94159,94973,95117,95696,96250,81251,NA,NA,NA,NA,NA,NA,NA
13117,13,117,Forsyth County,Georgia,Forsyth County,13,117,3,5,16928,19100,19700,21200,22400,23000,23700,24400,25000,26600,27958,28788,29596,30373,31771,33779,36076,38158,40089,42082,44763,46994,49748,52569,56895,62225,69137,76333,86409,96686,100467,108680,116127,123112,130225,138386,148196,158369,168098,174520,44083,NA,NA,NA,NA,NA,NA,NA
13117,13,13117,"Forsyth County, Georgia",Georgia,Forsyth County,13,13117,NA,NA,NA,NA,NA,NA,NA,NA,NA,NA,NA,NA,NA,NA,NA,NA,NA,NA,NA,NA,NA,NA,NA,NA,NA,NA,NA,NA,NA,NA,NA,NA,NA,NA,NA,NA,NA,NA,NA,NA,NA,NA,NA,175511,175511,176737,182392,187826,195312,204302
13119,13,13119,"Franklin County, Georgia",Georgia,Franklin County,13,13119,NA,NA,NA,NA,NA,NA,NA,NA,NA,NA,NA,NA,NA,NA,NA,NA,NA,NA,NA,NA,NA,NA,NA,NA,NA,NA,NA,NA,NA,NA,NA,NA,NA,NA,NA,NA,NA,NA,NA,NA,NA,NA,NA,22084,22084,22066,21957,21923,22044,22264
13119,13,119,Franklin County,Georgia,Franklin County,13,119,3,5,12784,13000,13400,13800,14000,14300,14500,15000,15000,15100,15185,15438,15495,15659,15664,15985,16158,16361,16467,16637,16688,16925,17145,17371,17524,17761,18131,18541,19061,19311,20336,20681,20861,21053,21239,21473,21646,21833,21804,21748,16650,NA,NA,NA,NA,NA,NA,NA
13121,13,121,Fulton County,Georgia,Fulton County,13,121,3,5,605210,603600,607000,599700,587000,576900,569700,567000,570500,590200,589904,602792,607085,614000,621124,631793,639288,645977,649504,650210,649309,655833,664637,676914,691155,700739,714882,723708,737222,744827,817145,846877,862931,881850,905802,934242,963596,990790,1013356,1033756,648776,NA,NA,NA,NA,NA,NA,NA
13121,13,13121,"Fulton County, Georgia",Georgia,Fulton County,13,13121,NA,NA,NA,NA,NA,NA,NA,NA,NA,NA,NA,NA,NA,NA,NA,NA,NA,NA,NA,NA,NA,NA,NA,NA,NA,NA,NA,NA,NA,NA,NA,NA,NA,NA,NA,NA,NA,NA,NA,NA,NA,NA,NA,920581,920579,926149,950359,977950,984721,996319
13123,13,13123,"Gilmer County, Georgia",Georgia,Gilmer County,13,13123,NA,NA,NA,NA,NA,NA,NA,NA,NA,NA,NA,NA,NA,NA,NA,NA,NA,NA,NA,NA,NA,NA,NA,NA,NA,NA,NA,NA,NA,NA,NA,NA,NA,NA,NA,NA,NA,NA,NA,NA,NA,NA,NA,28292,28281,28306,28280,28205,28587,28829
13123,13,123,Gilmer County,Georgia,Gilmer County,13,123,3,5,8956,9600,9400,9800,10100,10400,10600,11100,10800,11000,11110,11205,11413,11378,11661,11895,12184,12470,12786,13204,13446,13928,14293,14776,15229,16007,16816,17994,18747,19766,23743,24397,25151,25868,26537,27236,28153,28578,28918,29021,13368,NA,NA,NA,NA,NA,NA,NA
13125,13,125,Glascock County,Georgia,Glascock County,13,125,3,5,2280,2300,2300,2300,2300,2200,2200,2200,2200,2200,2382,2403,2407,2344,2333,2403,2369,2349,2333,2363,2355,2318,2301,2356,2375,2401,2453,2485,2514,2544,2562,2548,2556,2554,2609,2613,2708,2769,2790,2801,2357,NA,NA,NA,NA,NA,NA,NA
13125,13,13125,"Glascock County, Georgia",Georgia,Glascock County,13,13125,NA,NA,NA,NA,NA,NA,NA,NA,NA,NA,NA,NA,NA,NA,NA,NA,NA,NA,NA,NA,NA,NA,NA,NA,NA,NA,NA,NA,NA,NA,NA,NA,NA,NA,NA,NA,NA,NA,NA,NA,NA,NA,NA,3082,3082,3064,3108,3120,3083,3053
13127,13,127,Glynn County,Georgia,Glynn County,13,127,3,5,50528,52100,53300,53600,52600,51200,51700,52600,53200,54600,54981,55682,56270,57025,57809,58410,59163,59919,60976,61804,62705,63287,63710,64674,64846,65342,65857,66512,67187,67945,67660,68380,69057,69913,70566,71469,73447,74753,76044,76820,62496,NA,NA,NA,NA,NA,NA,NA
13127,13,13127,"Glynn County, Georgia",Georgia,Glynn County,13,13127,NA,NA,NA,NA,NA,NA,NA,NA,NA,NA,NA,NA,NA,NA,NA,NA,NA,NA,NA,NA,NA,NA,NA,NA,NA,NA,NA,NA,NA,NA,NA,NA,NA,NA,NA,NA,NA,NA,NA,NA,NA,NA,NA,79626,79626,79802,80216,80960,81533,82175
13129,13,129,Gordon County,Georgia,Gordon County,13,129,3,5,23570,24900,26000,26900,28100,28100,28400,28600,29300,30100,30070,30561,30752,31063,31901,32557,32842,33496,34179,34845,35205,35669,36225,37097,37666,38381,39215,40260,41078,41966,44388,45560,46568,47550,48653,49608,50931,52005,52964,53292,35067,NA,NA,NA,NA,NA,NA,NA
13129,13,13129,"Gordon County, Georgia",Georgia,Gordon County,13,13129,NA,NA,NA,NA,NA,NA,NA,NA,NA,NA,NA,NA,NA,NA,NA,NA,NA,NA,NA,NA,NA,NA,NA,NA,NA,NA,NA,NA,NA,NA,NA,NA,NA,NA,NA,NA,NA,NA,NA,NA,NA,NA,NA,55186,55186,55204,55508,55740,55830,56047
13131,13,13131,"Grady County, Georgia",Georgia,Grady County,13,13131,NA,NA,NA,NA,NA,NA,NA,NA,NA,NA,NA,NA,NA,NA,NA,NA,NA,NA,NA,NA,NA,NA,NA,NA,NA,NA,NA,NA,NA,NA,NA,NA,NA,NA,NA,NA,NA,NA,NA,NA,NA,NA,NA,25011,25012,25047,25165,25366,25258,25359
13131,13,131,Grady County,Georgia,Grady County,13,131,3,5,17826,17700,18100,18400,18600,19200,19300,19700,19800,19800,19845,19862,19782,19818,20661,20794,20710,20553,20446,20335,20328,20390,20528,20848,21010,21224,21460,21491,21416,21600,23647,23695,23745,23852,24000,24228,24621,24911,25056,25187,20279,NA,NA,NA,NA,NA,NA,NA
13133,13,133,Greene County,Georgia,Greene County,13,133,3,5,10212,10100,10500,10700,10900,11000,11100,11300,11400,11500,11391,11521,11512,11683,11709,11619,11524,11503,11695,11728,11848,12081,12147,12413,12615,12786,13024,13363,13663,14094,14451,14762,15017,15127,15298,15415,15486,15736,15765,15743,11793,NA,NA,NA,NA,NA,NA,NA
13133,13,13133,"Greene County, Georgia",Georgia,Greene County,13,13133,NA,NA,NA,NA,NA,NA,NA,NA,NA,NA,NA,NA,NA,NA,NA,NA,NA,NA,NA,NA,NA,NA,NA,NA,NA,NA,NA,NA,NA,NA,NA,NA,NA,NA,NA,NA,NA,NA,NA,NA,NA,NA,NA,15994,15994,15992,16051,16132,16283,16490
13135,13,13135,"Gwinnett County, Georgia",Georgia,Gwinnett County,13,13135,NA,NA,NA,NA,NA,NA,NA,NA,NA,NA,NA,NA,NA,NA,NA,NA,NA,NA,NA,NA,NA,NA,NA,NA,NA,NA,NA,NA,NA,NA,NA,NA,NA,NA,NA,NA,NA,NA,NA,NA,NA,NA,NA,805321,805324,808374,824981,840221,858956,877922
13135,13,135,Gwinnett County,Georgia,Gwinnett County,13,135,3,5,72349,79000,84100,99900,110800,118500,126500,135400,145200,156300,166815,179135,192057,208337,229270,253023,277263,301620,323528,341985,356609,372252,390401,411871,433710,457155,476790,500644,522666,545632,596296,621798,644753,666768,691986,716436,746975,772464,790519,808167,352910,NA,NA,NA,NA,NA,NA,NA
13137,13,13137,"Habersham County, Georgia",Georgia,Habersham County,13,13137,NA,NA,NA,NA,NA,NA,NA,NA,NA,NA,NA,NA,NA,NA,NA,NA,NA,NA,NA,NA,NA,NA,NA,NA,NA,NA,NA,NA,NA,NA,NA,NA,NA,NA,NA,NA,NA,NA,NA,NA,NA,NA,NA,43041,43041,43095,43106,43463,43294,43752
13137,13,137,Habersham County,Georgia,Habersham County,13,137,3,5,20691,21400,22100,22400,23000,23600,24400,24800,25300,25000,25020,25282,25810,25972,26043,26171,26519,26796,27137,27424,27735,28119,28587,29135,29471,30102,30658,31226,31734,32530,36123,36990,37555,38188,38668,39323,40873,42164,42975,43613,27622,NA,NA,NA,NA,NA,NA,NA
13139,13,13139,"Hall County, Georgia",Georgia,Hall County,13,13139,NA,NA,NA,NA,NA,NA,NA,NA,NA,NA,NA,NA,NA,NA,NA,NA,NA,NA,NA,NA,NA,NA,NA,NA,NA,NA,NA,NA,NA,NA,NA,NA,NA,NA,NA,NA,NA,NA,NA,NA,NA,NA,NA,179684,179684,180034,182954,185084,187759,190761
13139,13,139,Hall County,Georgia,Hall County,13,139,3,5,59405,62000,63400,65800,66800,69100,69600,71200,72500,74300,75649,77629,78832,80278,82024,84174,87054,89092,91583,93865,95984,98317,99964,102610,105598,108791,112170,115821,119334,123290,140886,146870,151775,155887,159745,165245,171867,178838,184731,187743,95434,NA,NA,NA,NA,NA,NA,NA
13141,13,13141,"Hancock County, Georgia",Georgia,Hancock County,13,13141,NA,NA,NA,NA,NA,NA,NA,NA,NA,NA,NA,NA,NA,NA,NA,NA,NA,NA,NA,NA,NA,NA,NA,NA,NA,NA,NA,NA,NA,NA,NA,NA,NA,NA,NA,NA,NA,NA,NA,NA,NA,NA,NA,9429,9402,9410,9368,9030,8898,8509
13141,13,141,Hancock County,Georgia,Hancock County,13,141,3,5,9019,9300,9400,9500,9400,9500,9500,9500,9600,9500,9466,9479,9379,9328,9408,9347,9245,9198,9045,9010,8903,8923,8971,9025,8999,9073,8961,8998,9139,9046,10056,9986,9729,9627,9524,9449,9431,9623,9524,9219,8908,NA,NA,NA,NA,NA,NA,NA
13143,13,143,Haralson County,Georgia,Haralson County,13,143,3,5,15927,16500,17000,17100,17300,17500,17800,17900,18100,17900,18422,18994,19241,19368,19925,20372,20787,21235,21556,21867,21997,22090,22386,22646,22955,23261,23744,24187,24590,25070,25832,26298,26752,27297,27715,28090,28256,28708,28849,28890,21966,NA,NA,NA,NA,NA,NA,NA
13143,13,13143,"Haralson County, Georgia",Georgia,Haralson County,13,13143,NA,NA,NA,NA,NA,NA,NA,NA,NA,NA,NA,NA,NA,NA,NA,NA,NA,NA,NA,NA,NA,NA,NA,NA,NA,NA,NA,NA,NA,NA,NA,NA,NA,NA,NA,NA,NA,NA,NA,NA,NA,NA,NA,28780,28780,28788,28515,28388,28482,28641
13145,13,145,Harris County,Georgia,Harris County,13,145,3,5,11520,11700,12100,12700,13100,13400,13800,14400,14900,15200,15464,15209,15356,15592,15918,16507,16861,17067,17538,17768,17818,17797,18142,18969,19723,20427,21275,22214,22297,22634,23797,24322,24969,25743,26523,27339,28296,29112,29535,30138,17788,NA,NA,NA,NA,NA,NA,NA
13145,13,13145,"Harris County, Georgia",Georgia,Harris County,13,13145,NA,NA,NA,NA,NA,NA,NA,NA,NA,NA,NA,NA,NA,NA,NA,NA,NA,NA,NA,NA,NA,NA,NA,NA,NA,NA,NA,NA,NA,NA,NA,NA,NA,NA,NA,NA,NA,NA,NA,NA,NA,NA,NA,32024,32026,32167,32366,32613,32673,32876
13147,13,147,Hart County,Georgia,Hart County,13,147,3,5,15814,16200,16400,17100,17300,17600,17800,18100,18200,18300,18585,18678,18863,18872,19031,19276,19360,19336,19478,19610,19809,19897,20182,20341,20326,20708,21024,21512,21793,22124,23054,22985,23124,23119,23568,23867,24129,24123,24252,24067,19712,NA,NA,NA,NA,NA,NA,NA
13147,13,13147,"Hart County, Georgia",Georgia,Hart County,13,13147,NA,NA,NA,NA,NA,NA,NA,NA,NA,NA,NA,NA,NA,NA,NA,NA,NA,NA,NA,NA,NA,NA,NA,NA,NA,NA,NA,NA,NA,NA,NA,NA,NA,NA,NA,NA,NA,NA,NA,NA,NA,NA,NA,25213,25213,25189,25435,25549,25480,25377
13149,13,149,Heard County,Georgia,Heard County,13,149,3,5,5354,5500,5600,5700,5800,5900,5900,6100,6200,6300,6520,6557,6648,6833,7014,7280,7634,7827,8024,8412,8683,8835,8979,9202,9330,9573,9800,9993,10088,10490,11085,11163,11190,11099,11167,11220,11382,11424,11561,11528,8628,NA,NA,NA,NA,NA,NA,NA
13149,13,13149,"Heard County, Georgia",Georgia,Heard County,13,13149,NA,NA,NA,NA,NA,NA,NA,NA,NA,NA,NA,NA,NA,NA,NA,NA,NA,NA,NA,NA,NA,NA,NA,NA,NA,NA,NA,NA,NA,NA,NA,NA,NA,NA,NA,NA,NA,NA,NA,NA,NA,NA,NA,11834,11834,11851,11711,11644,11561,11603
13151,13,151,Henry County,Georgia,Henry County,13,151,3,5,23724,24900,25400,27200,28900,29600,29900,30400,32100,34400,36309,37132,38270,39651,41305,43402,45567,48460,51785,55255,59892,63552,67493,72860,78890,84589,90954,97731,104925,113443,121572,130460,139800,149461,157954,166966,176995,184902,190529,195370,58741,NA,NA,NA,NA,NA,NA,NA
13151,13,13151,"Henry County, Georgia",Georgia,Henry County,13,13151,NA,NA,NA,NA,NA,NA,NA,NA,NA,NA,NA,NA,NA,NA,NA,NA,NA,NA,NA,NA,NA,NA,NA,NA,NA,NA,NA,NA,NA,NA,NA,NA,NA,NA,NA,NA,NA,NA,NA,NA,NA,NA,NA,203922,203879,205206,207071,208443,210755,213869
13153,13,153,Houston County,Georgia,Houston County,13,153,3,5,62924,65900,66200,68200,70400,72100,73200,73900,74900,76600,77605,80235,80598,81590,81631,82850,84060,85577,86741,88242,89662,91287,93187,95312,98009,99173,101131,103778,105638,107644,111248,113289,116390,119996,123811,125862,128214,131291,133470,135715,89208,NA,NA,NA,NA,NA,NA,NA
13153,13,13153,"Houston County, Georgia",Georgia,Houston County,13,13153,NA,NA,NA,NA,NA,NA,NA,NA,NA,NA,NA,NA,NA,NA,NA,NA,NA,NA,NA,NA,NA,NA,NA,NA,NA,NA,NA,NA,NA,NA,NA,NA,NA,NA,NA,NA,NA,NA,NA,NA,NA,NA,NA,139900,139910,140721,144161,146200,147919,149111
13155,13,13155,"Irwin County, Georgia",Georgia,Irwin County,13,13155,NA,NA,NA,NA,NA,NA,NA,NA,NA,NA,NA,NA,NA,NA,NA,NA,NA,NA,NA,NA,NA,NA,NA,NA,NA,NA,NA,NA,NA,NA,NA,NA,NA,NA,NA,NA,NA,NA,NA,NA,NA,NA,NA,9538,9538,9601,9692,9600,9412,9104
13155,13,155,Irwin County,Georgia,Irwin County,13,155,3,5,8036,8500,8300,8500,8500,8600,8700,8700,9000,9000,8988,8860,8892,8985,8970,8880,8821,8845,8809,8718,8626,8626,8604,8593,8539,8694,8791,8955,9048,9181,9959,9984,9962,10007,9692,10106,10227,9967,10303,10086,8649,NA,NA,NA,NA,NA,NA,NA
13157,13,157,Jackson County,Georgia,Jackson County,13,157,3,5,21093,21900,22400,23100,23500,23900,24300,24600,24700,25300,25343,25880,26228,26514,26821,27504,27907,28556,29095,29684,30168,30767,31381,32032,33020,33869,35185,36431,37711,39057,41895,43631,45467,46952,49308,51949,55777,59727,62224,63544,30005,NA,NA,NA,NA,NA,NA,NA
13157,13,13157,"Jackson County, Georgia",Georgia,Jackson County,13,13157,NA,NA,NA,NA,NA,NA,NA,NA,NA,NA,NA,NA,NA,NA,NA,NA,NA,NA,NA,NA,NA,NA,NA,NA,NA,NA,NA,NA,NA,NA,NA,NA,NA,NA,NA,NA,NA,NA,NA,NA,NA,NA,NA,60485,60485,60777,60551,60472,60971,61870
13159,13,13159,"Jasper County, Georgia",Georgia,Jasper County,13,13159,NA,NA,NA,NA,NA,NA,NA,NA,NA,NA,NA,NA,NA,NA,NA,NA,NA,NA,NA,NA,NA,NA,NA,NA,NA,NA,NA,NA,NA,NA,NA,NA,NA,NA,NA,NA,NA,NA,NA,NA,NA,NA,NA,13900,13900,13885,13778,13596,13543,13432
13159,13,159,Jasper County,Georgia,Jasper County,13,159,3,5,5760,6100,6200,6700,7100,7400,7600,7800,8000,8200,7553,7516,7486,7583,7713,7679,7733,7968,8049,8328,8482,8563,8695,8853,8956,9138,9498,9870,10166,10589,11488,11631,12028,12440,12615,13025,13432,13660,13869,13953,8453,NA,NA,NA,NA,NA,NA,NA
13161,13,161,Jeff Davis County,Georgia,Jeff Davis County,13,161,3,5,9425,10000,10000,10600,11000,11100,11500,11600,11500,11400,11473,11623,11736,11656,11880,11813,11845,11822,12037,12064,12039,12047,12090,12149,12338,12407,12525,12681,12707,12714,12720,12721,12794,12797,12861,13017,13186,13237,13462,13659,12032,NA,NA,NA,NA,NA,NA,NA
13161,13,13161,"Jeff Davis County, Georgia",Georgia,Jeff Davis County,13,13161,NA,NA,NA,NA,NA,NA,NA,NA,NA,NA,NA,NA,NA,NA,NA,NA,NA,NA,NA,NA,NA,NA,NA,NA,NA,NA,NA,NA,NA,NA,NA,NA,NA,NA,NA,NA,NA,NA,NA,NA,NA,NA,NA,15068,15068,15091,15088,15114,14986,14859
13163,13,13163,"Jefferson County, Georgia",Georgia,Jefferson County,13,13163,NA,NA,NA,NA,NA,NA,NA,NA,NA,NA,NA,NA,NA,NA,NA,NA,NA,NA,NA,NA,NA,NA,NA,NA,NA,NA,NA,NA,NA,NA,NA,NA,NA,NA,NA,NA,NA,NA,NA,NA,NA,NA,NA,16930,16930,16919,16816,16422,16342,16272
13163,13,163,Jefferson County,Georgia,Jefferson County,13,163,3,5,17174,16900,16900,17400,17500,17600,17700,17800,17800,18200,18403,18282,18362,18317,18259,18202,18075,17983,17704,17565,17394,17506,17466,17556,17560,17704,17798,17793,17829,17858,17246,17080,16999,16840,16752,16614,16515,16385,16409,16478,17408,NA,NA,NA,NA,NA,NA,NA
13165,13,13165,"Jenkins County, Georgia",Georgia,Jenkins County,13,13165,NA,NA,NA,NA,NA,NA,NA,NA,NA,NA,NA,NA,NA,NA,NA,NA,NA,NA,NA,NA,NA,NA,NA,NA,NA,NA,NA,NA,NA,NA,NA,NA,NA,NA,NA,NA,NA,NA,NA,NA,NA,NA,NA,8340,8340,8321,8122,9133,9268,9125
13165,13,165,Jenkins County,Georgia,Jenkins County,13,165,3,5,8332,8300,8300,8400,8300,8200,8300,8300,8500,8600,8841,8834,8719,8688,8654,8644,8555,8407,8361,8320,8246,8338,8505,8516,8556,8609,8447,8451,8446,8401,8594,8607,8588,8560,8540,8581,8613,8542,8472,8450,8247,NA,NA,NA,NA,NA,NA,NA
13167,13,167,Johnson County,Georgia,Johnson County,13,167,3,5,7727,7700,8100,8000,8100,8300,8400,8600,8500,8600,8660,8664,8635,8609,8571,8627,8510,8401,8410,8399,8345,8383,8267,8412,8376,8354,8328,8348,8293,8293,8558,8474,8921,8906,9025,8893,8970,9414,9435,9300,8329,NA,NA,NA,NA,NA,NA,NA
13167,13,13167,"Johnson County, Georgia",Georgia,Johnson County,13,13167,NA,NA,NA,NA,NA,NA,NA,NA,NA,NA,NA,NA,NA,NA,NA,NA,NA,NA,NA,NA,NA,NA,NA,NA,NA,NA,NA,NA,NA,NA,NA,NA,NA,NA,NA,NA,NA,NA,NA,NA,NA,NA,NA,9980,9984,9973,9918,9882,9776,9701
13169,13,169,Jones County,Georgia,Jones County,13,169,3,5,12270,13800,14400,14000,14300,14800,15200,15500,15900,16000,16579,17087,17540,18108,18712,19075,19388,19855,20177,20504,20798,20937,21257,21425,21631,22008,22245,22607,22997,23307,23699,24160,24679,25401,26102,26652,26924,27279,27684,27740,20739,NA,NA,NA,NA,NA,NA,NA
13169,13,13169,"Jones County, Georgia",Georgia,Jones County,13,13169,NA,NA,NA,NA,NA,NA,NA,NA,NA,NA,NA,NA,NA,NA,NA,NA,NA,NA,NA,NA,NA,NA,NA,NA,NA,NA,NA,NA,NA,NA,NA,NA,NA,NA,NA,NA,NA,NA,NA,NA,NA,NA,NA,28669,28669,28656,28910,28795,28769,28787
13171,13,13171,"Lamar County, Georgia",Georgia,Lamar County,13,13171,NA,NA,NA,NA,NA,NA,NA,NA,NA,NA,NA,NA,NA,NA,NA,NA,NA,NA,NA,NA,NA,NA,NA,NA,NA,NA,NA,NA,NA,NA,NA,NA,NA,NA,NA,NA,NA,NA,NA,NA,NA,NA,NA,18317,18317,18268,18178,18039,17946,18207
13171,13,171,Lamar County,Georgia,Lamar County,13,171,3,5,10688,11100,11300,11100,11400,11600,11700,11700,11800,12100,12215,12210,12041,12132,12299,12474,12570,13029,13004,13046,13044,13208,13438,13431,13709,13820,13974,14441,14700,15010,15969,16338,16131,16239,16286,16566,16642,16930,17363,17550,13038,NA,NA,NA,NA,NA,NA,NA
13173,13,173,Lanier County,Georgia,Lanier County,13,173,3,5,5031,5200,5200,5100,5300,5200,5200,5400,5400,5600,5654,5680,5716,5692,5692,5768,5740,5760,5657,5578,5534,5663,5730,5922,6104,6300,6599,6767,6988,6959,7252,7104,7155,7354,7304,7398,7677,8015,8320,8423,5531,NA,NA,NA,NA,NA,NA,NA
13173,13,13173,"Lanier County, Georgia",Georgia,Lanier County,13,13173,NA,NA,NA,NA,NA,NA,NA,NA,NA,NA,NA,NA,NA,NA,NA,NA,NA,NA,NA,NA,NA,NA,NA,NA,NA,NA,NA,NA,NA,NA,NA,NA,NA,NA,NA,NA,NA,NA,NA,NA,NA,NA,NA,10078,10074,10099,10468,10444,10398,10373
13175,13,175,Laurens County,Georgia,Laurens County,13,175,3,5,32738,33200,33900,34400,34300,34900,35300,36000,36700,37400,36990,37455,37830,38016,38532,38647,38878,39395,39463,40083,39972,40397,40889,41535,42085,42594,43062,43287,43687,43927,44957,45142,45606,46210,46240,46629,47158,47480,47986,48295,39988,NA,NA,NA,NA,NA,NA,NA
13175,13,13175,"Laurens County, Georgia",Georgia,Laurens County,13,13175,NA,NA,NA,NA,NA,NA,NA,NA,NA,NA,NA,NA,NA,NA,NA,NA,NA,NA,NA,NA,NA,NA,NA,NA,NA,NA,NA,NA,NA,NA,NA,NA,NA,NA,NA,NA,NA,NA,NA,NA,NA,NA,NA,48434,48434,48389,48003,47970,47927,47851
13177,13,13177,"Lee County, Georgia",Georgia,Lee County,13,13177,NA,NA,NA,NA,NA,NA,NA,NA,NA,NA,NA,NA,NA,NA,NA,NA,NA,NA,NA,NA,NA,NA,NA,NA,NA,NA,NA,NA,NA,NA,NA,NA,NA,NA,NA,NA,NA,NA,NA,NA,NA,NA,NA,28298,28298,28431,28614,28727,29061,29191
13177,13,177,Lee County,Georgia,Lee County,13,177,3,5,7044,7400,7500,9100,9400,9700,10000,10500,10800,11400,11684,12459,12837,13435,14381,14839,15186,15457,15641,16014,16315,16716,17361,18266,18873,19781,20701,21904,22767,23341,24884,26745,27727,28837,29926,30881,32180,33028,33804,34410,16250,NA,NA,NA,NA,NA,NA,NA
13179,13,179,Liberty County,Georgia,Liberty County,13,179,3,5,17569,18000,18100,17500,17500,21300,25100,29600,33800,35000,37583,41530,43543,42449,44601,45577,46210,48696,49976,51779,52848,53562,57342,56568,58741,58506,59010,60040,59081,59694,61448,60435,61570,60714,62119,63011,60362,60542,58871,62186,52745,NA,NA,NA,NA,NA,NA,NA
13179,13,13179,"Liberty County, Georgia",Georgia,Liberty County,13,13179,NA,NA,NA,NA,NA,NA,NA,NA,NA,NA,NA,NA,NA,NA,NA,NA,NA,NA,NA,NA,NA,NA,NA,NA,NA,NA,NA,NA,NA,NA,NA,NA,NA,NA,NA,NA,NA,NA,NA,NA,NA,NA,NA,63453,63469,62686,65115,65391,64057,65198
13181,13,181,Lincoln County,Georgia,Lincoln County,13,181,3,5,5895,6000,6100,6400,6400,6500,6600,6800,6800,6900,6716,6765,6731,6753,6833,7020,7082,7193,7245,7333,7465,7525,7630,7822,7865,7967,8033,8094,8226,8339,8351,8377,8353,8319,8207,8168,8076,8031,8003,7913,7442,NA,NA,NA,NA,NA,NA,NA
13181,13,13181,"Lincoln County, Georgia",Georgia,Lincoln County,13,13181,NA,NA,NA,NA,NA,NA,NA,NA,NA,NA,NA,NA,NA,NA,NA,NA,NA,NA,NA,NA,NA,NA,NA,NA,NA,NA,NA,NA,NA,NA,NA,NA,NA,NA,NA,NA,NA,NA,NA,NA,NA,NA,NA,7996,7996,7991,7898,7770,7719,7622
13183,13,183,Long County,Georgia,Long County,13,183,3,5,3746,3600,3800,3600,3700,3700,3800,4100,4300,4400,4524,4914,5018,5198,5433,5691,5680,5532,5804,5799,6316,6148,6861,6982,7379,7824,8145,8330,8576,8709,10354,10403,10576,10482,10753,10908,11175,11238,11413,12234,6202,NA,NA,NA,NA,NA,NA,NA
13183,13,13183,"Long County, Georgia",Georgia,Long County,13,13183,NA,NA,NA,NA,NA,NA,NA,NA,NA,NA,NA,NA,NA,NA,NA,NA,NA,NA,NA,NA,NA,NA,NA,NA,NA,NA,NA,NA,NA,NA,NA,NA,NA,NA,NA,NA,NA,NA,NA,NA,NA,NA,NA,14464,14448,14679,15243,16161,16641,17113
13185,13,185,Lowndes County,Georgia,Lowndes County,13,185,3,5,55112,58000,60500,62500,63700,63600,64900,66700,66700,67500,67972,68936,69473,70889,72046,72573,73547,74379,74263,75156,76268,76966,77885,80546,82169,82981,83957,84648,85049,85413,92238,92527,94272,95047,96953,98504,100482,101715,104684,106814,75981,NA,NA,NA,NA,NA,NA,NA
13185,13,13185,"Lowndes County, Georgia",Georgia,Lowndes County,13,13185,NA,NA,NA,NA,NA,NA,NA,NA,NA,NA,NA,NA,NA,NA,NA,NA,NA,NA,NA,NA,NA,NA,NA,NA,NA,NA,NA,NA,NA,NA,NA,NA,NA,NA,NA,NA,NA,NA,NA,NA,NA,NA,NA,109233,109233,109700,111882,114668,112802,113523
13187,13,187,Lumpkin County,Georgia,Lumpkin County,13,187,3,5,8728,9100,9300,9400,9500,9700,9900,10300,10100,10600,10762,11069,11364,11542,11927,12226,12676,13086,13640,14084,14699,15094,15386,15767,16192,16687,17273,18125,19003,19772,21159,21915,22640,23549,24102,24818,25935,26607,27195,27528,14573,NA,NA,NA,NA,NA,NA,NA
13187,13,13187,"Lumpkin County, Georgia",Georgia,Lumpkin County,13,13187,NA,NA,NA,NA,NA,NA,NA,NA,NA,NA,NA,NA,NA,NA,NA,NA,NA,NA,NA,NA,NA,NA,NA,NA,NA,NA,NA,NA,NA,NA,NA,NA,NA,NA,NA,NA,NA,NA,NA,NA,NA,NA,NA,29966,29966,30309,30482,30721,30908,31176
13189,13,13189,"McDuffie County, Georgia",Georgia,McDuffie County,13,13189,NA,NA,NA,NA,NA,NA,NA,NA,NA,NA,NA,NA,NA,NA,NA,NA,NA,NA,NA,NA,NA,NA,NA,NA,NA,NA,NA,NA,NA,NA,NA,NA,NA,NA,NA,NA,NA,NA,NA,NA,NA,NA,NA,21875,21875,21822,21621,21581,21421,21370
13189,13,189,McDuffie County,Georgia,McDuffie County,13,189,3,5,15276,15200,15300,16000,16700,17000,17300,17400,17800,18300,18546,18725,18810,19038,19157,19421,19697,19912,19977,20108,20162,20437,20864,20932,21115,21407,21377,21586,21697,21814,21251,21292,21167,21176,21260,21386,21563,21526,21781,21862,20119,NA,NA,NA,NA,NA,NA,NA
13191,13,191,McIntosh County,Georgia,McIntosh County,13,191,3,5,7371,7700,8100,8200,8300,8100,8000,8400,7900,8000,8046,8103,8166,8173,8207,8402,8556,8731,8706,8737,8614,8750,8926,8973,9137,9340,9504,9905,10018,10114,10898,11087,10919,10935,10969,10907,11123,11453,11480,11378,8634,NA,NA,NA,NA,NA,NA,NA
13191,13,13191,"McIntosh County, Georgia",Georgia,McIntosh County,13,13191,NA,NA,NA,NA,NA,NA,NA,NA,NA,NA,NA,NA,NA,NA,NA,NA,NA,NA,NA,NA,NA,NA,NA,NA,NA,NA,NA,NA,NA,NA,NA,NA,NA,NA,NA,NA,NA,NA,NA,NA,NA,NA,NA,14333,14332,14307,14237,13922,14180,14214
13193,13,193,Macon County,Georgia,Macon County,13,193,3,5,12933,13300,14200,13800,13900,13700,13500,12800,13400,13800,14003,13995,13958,13909,13898,13813,13621,13454,13394,13314,13096,13122,12956,13033,13080,13199,13133,13272,13207,13126,14035,14061,13978,13867,13728,13525,13469,13354,13303,13336,13114,NA,NA,NA,NA,NA,NA,NA
13193,13,13193,"Macon County, Georgia",Georgia,Macon County,13,13193,NA,NA,NA,NA,NA,NA,NA,NA,NA,NA,NA,NA,NA,NA,NA,NA,NA,NA,NA,NA,NA,NA,NA,NA,NA,NA,NA,NA,NA,NA,NA,NA,NA,NA,NA,NA,NA,NA,NA,NA,NA,NA,NA,14740,14740,14655,14479,14274,13961,13792
13195,13,195,Madison County,Georgia,Madison County,13,195,3,5,13517,14300,14800,15400,15800,15900,16200,16500,16600,15600,17747,18028,18240,18459,18742,19161,19367,19726,20147,20660,21209,21640,22055,22590,22814,23392,23894,24171,24426,25208,25856,26105,26586,26929,26932,27203,27451,27780,28009,28232,21050,NA,NA,NA,NA,NA,NA,NA
13195,13,13195,"Madison County, Georgia",Georgia,Madison County,13,13195,NA,NA,NA,NA,NA,NA,NA,NA,NA,NA,NA,NA,NA,NA,NA,NA,NA,NA,NA,NA,NA,NA,NA,NA,NA,NA,NA,NA,NA,NA,NA,NA,NA,NA,NA,NA,NA,NA,NA,NA,NA,NA,NA,28120,28120,28155,28110,28018,28116,28312
13197,13,197,Marion County,Georgia,Marion County,13,197,3,5,5099,5300,5400,5200,5200,5500,5400,5800,5500,5300,5297,5274,5338,5418,5464,5539,5574,5586,5576,5595,5578,5668,5710,6004,6201,6367,6365,6522,6703,6779,7180,7144,7075,7020,6989,7000,7075,7048,7011,6995,5590,NA,NA,NA,NA,NA,NA,NA
13197,13,13197,"Marion County, Georgia",Georgia,Marion County,13,13197,NA,NA,NA,NA,NA,NA,NA,NA,NA,NA,NA,NA,NA,NA,NA,NA,NA,NA,NA,NA,NA,NA,NA,NA,NA,NA,NA,NA,NA,NA,NA,NA,NA,NA,NA,NA,NA,NA,NA,NA,NA,NA,NA,8742,8742,8747,8737,8751,8721,8797
13199,13,199,Meriwether County,Georgia,Meriwether County,13,199,3,5,19461,20100,20200,20200,20300,20400,20700,20900,20700,21000,21229,21317,21277,21433,21451,21414,21407,21758,21948,22198,22461,22635,22689,22848,22937,22927,22790,22902,23078,23043,22527,22589,22864,22740,22806,22814,22976,22788,22931,22783,22411,NA,NA,NA,NA,NA,NA,NA
13199,13,13199,"Meriwether County, Georgia",Georgia,Meriwether County,13,13199,NA,NA,NA,NA,NA,NA,NA,NA,NA,NA,NA,NA,NA,NA,NA,NA,NA,NA,NA,NA,NA,NA,NA,NA,NA,NA,NA,NA,NA,NA,NA,NA,NA,NA,NA,NA,NA,NA,NA,NA,NA,NA,NA,21992,21992,21843,21606,21316,21207,21198
13201,13,13201,"Miller County, Georgia",Georgia,Miller County,13,13201,NA,NA,NA,NA,NA,NA,NA,NA,NA,NA,NA,NA,NA,NA,NA,NA,NA,NA,NA,NA,NA,NA,NA,NA,NA,NA,NA,NA,NA,NA,NA,NA,NA,NA,NA,NA,NA,NA,NA,NA,NA,NA,NA,6125,6129,6155,6074,5982,5917,5958
13201,13,201,Miller County,Georgia,Miller County,13,201,3,5,6424,6300,6200,6500,6500,6500,6500,6600,6700,6800,7038,6982,6915,6850,6676,6641,6634,6635,6585,6390,6271,6291,6286,6258,6250,6221,6222,6336,6360,6318,6369,6383,6350,6238,6137,6092,6131,6164,6214,6228,6280,NA,NA,NA,NA,NA,NA,NA
13205,13,13205,"Mitchell County, Georgia",Georgia,Mitchell County,13,13205,NA,NA,NA,NA,NA,NA,NA,NA,NA,NA,NA,NA,NA,NA,NA,NA,NA,NA,NA,NA,NA,NA,NA,NA,NA,NA,NA,NA,NA,NA,NA,NA,NA,NA,NA,NA,NA,NA,NA,NA,NA,NA,NA,23498,23498,23509,23445,23121,23027,22771
13205,13,205,Mitchell County,Georgia,Mitchell County,13,205,3,5,18956,19000,19000,19800,20400,19700,19700,19900,20200,20800,21114,21259,21258,21327,21292,21185,21184,20963,20710,20476,20286,20310,20544,20472,20574,20743,21019,21080,21198,21219,23984,23922,23764,23665,23590,23464,23700,24086,23989,23800,20275,NA,NA,NA,NA,NA,NA,NA
13207,13,207,Monroe County,Georgia,Monroe County,13,207,3,5,10991,12100,12600,12300,12700,12800,12900,13500,13700,14200,14610,14947,14865,14893,15144,15690,15892,16265,16455,16905,17179,17555,17854,18228,18540,18914,19212,19390,19625,20032,21834,22022,22602,23222,23277,23607,24325,25069,25215,25425,17113,NA,NA,NA,NA,NA,NA,NA
13207,13,13207,"Monroe County, Georgia",Georgia,Monroe County,13,13207,NA,NA,NA,NA,NA,NA,NA,NA,NA,NA,NA,NA,NA,NA,NA,NA,NA,NA,NA,NA,NA,NA,NA,NA,NA,NA,NA,NA,NA,NA,NA,NA,NA,NA,NA,NA,NA,NA,NA,NA,NA,NA,NA,26424,26461,26469,26673,26741,27005,27051
13209,13,13209,"Montgomery County, Georgia",Georgia,Montgomery County,13,13209,NA,NA,NA,NA,NA,NA,NA,NA,NA,NA,NA,NA,NA,NA,NA,NA,NA,NA,NA,NA,NA,NA,NA,NA,NA,NA,NA,NA,NA,NA,NA,NA,NA,NA,NA,NA,NA,NA,NA,NA,NA,NA,NA,9123,9123,9088,9039,8909,8973,8991
13209,13,209,Montgomery County,Georgia,Montgomery County,13,209,3,5,6099,6100,6100,6400,6700,6800,6900,7100,7200,7200,7011,7026,7011,7154,7262,7310,7305,7282,7249,7134,7394,7442,7509,7608,7662,7607,7648,7749,7725,7854,8267,8511,8507,8756,8956,8868,9010,8986,8900,8930,7379,NA,NA,NA,NA,NA,NA,NA
13211,13,13211,"Morgan County, Georgia",Georgia,Morgan County,13,13211,NA,NA,NA,NA,NA,NA,NA,NA,NA,NA,NA,NA,NA,NA,NA,NA,NA,NA,NA,NA,NA,NA,NA,NA,NA,NA,NA,NA,NA,NA,NA,NA,NA,NA,NA,NA,NA,NA,NA,NA,NA,NA,NA,17868,17868,17895,17906,17823,17752,17956
13211,13,211,Morgan County,Georgia,Morgan County,13,211,3,5,9904,10300,10400,10900,11000,11100,11200,10900,10900,11200,11572,11880,11995,12050,12153,12250,12363,12595,12744,12823,12946,13075,13264,13566,13710,14011,14162,14513,15092,15437,15514,16002,16373,16602,16890,17279,17774,18185,18600,18761,12883,NA,NA,NA,NA,NA,NA,NA
13213,13,13213,"Murray County, Georgia",Georgia,Murray County,13,13213,NA,NA,NA,NA,NA,NA,NA,NA,NA,NA,NA,NA,NA,NA,NA,NA,NA,NA,NA,NA,NA,NA,NA,NA,NA,NA,NA,NA,NA,NA,NA,NA,NA,NA,NA,NA,NA,NA,NA,NA,NA,NA,NA,39628,39628,39548,39428,39394,39298,39410
13213,13,213,Murray County,Georgia,Murray County,13,213,3,5,12986,13700,14500,15700,16700,16900,17300,17900,18600,19200,19685,20161,20856,21131,21621,22188,22905,23780,24674,25629,26313,27098,27694,28248,28917,29905,30815,31888,32714,33922,36774,37792,38362,39252,39803,40123,40664,40729,40540,40621,26147,NA,NA,NA,NA,NA,NA,NA
13215,13,215,Muscogee County,Georgia,Muscogee County,13,215,3,5,167377,170700,169100,158400,163400,165800,168400,168800,169200,169900,170108,172032,174633,174223,175088,176442,178081,179219,177723,178198,179727,179607,185801,185749,186447,183915,182397,182747,182414,182058,186505,186609,185894,182788,186691,188485,191528,186613,186646,190414,179280,NA,NA,NA,NA,NA,NA,NA
13215,13,13215,"Muscogee County, Georgia",Georgia,Muscogee County,13,13215,NA,NA,NA,NA,NA,NA,NA,NA,NA,NA,NA,NA,NA,NA,NA,NA,NA,NA,NA,NA,NA,NA,NA,NA,NA,NA,NA,NA,NA,NA,NA,NA,NA,NA,NA,NA,NA,NA,NA,NA,NA,NA,NA,189885,190545,191082,195272,200041,203952,200887
13217,13,217,Newton County,Georgia,Newton County,13,217,3,5,26282,27400,28200,31400,32400,32400,33200,33700,33800,34100,34666,36139,36771,37078,37586,38267,38789,39694,40595,41243,42065,43574,44632,46337,48318,50486,52758,55216,57862,60583,62883,66941,71239,75699,80650,85657,90657,95739,98385,99944,41808,NA,NA,NA,NA,NA,NA,NA
13217,13,13217,"Newton County, Georgia",Georgia,Newton County,13,13217,NA,NA,NA,NA,NA,NA,NA,NA,NA,NA,NA,NA,NA,NA,NA,NA,NA,NA,NA,NA,NA,NA,NA,NA,NA,NA,NA,NA,NA,NA,NA,NA,NA,NA,NA,NA,NA,NA,NA,NA,NA,NA,NA,99958,99958,100160,100464,101016,102201,103675
13219,13,13219,"Oconee County, Georgia",Georgia,Oconee County,13,13219,NA,NA,NA,NA,NA,NA,NA,NA,NA,NA,NA,NA,NA,NA,NA,NA,NA,NA,NA,NA,NA,NA,NA,NA,NA,NA,NA,NA,NA,NA,NA,NA,NA,NA,NA,NA,NA,NA,NA,NA,NA,NA,NA,32808,32815,32927,33255,33520,34050,35093
13219,13,219,Oconee County,Georgia,Oconee County,13,219,3,5,7915,8100,8700,9100,9500,9900,10200,10900,11400,12000,12427,12895,13282,13763,14336,14609,15010,15673,16284,17043,17797,18296,18683,19315,20242,21237,22377,23187,23707,24526,26368,26675,27100,27958,28568,29303,30450,31511,32528,33320,17618,NA,NA,NA,NA,NA,NA,NA
13221,13,221,Oglethorpe County,Georgia,Oglethorpe County,13,221,3,5,7598,7600,7800,7900,8100,8300,8400,8600,8700,9000,8929,9055,9085,9220,9363,9411,9384,9501,9487,9673,9806,9948,10171,10405,10560,10758,10816,11220,11437,11564,12707,12884,13083,13219,13378,13424,13688,13962,14235,14328,9763,NA,NA,NA,NA,NA,NA,NA
13221,13,13221,"Oglethorpe County, Georgia",Georgia,Oglethorpe County,13,13221,NA,NA,NA,NA,NA,NA,NA,NA,NA,NA,NA,NA,NA,NA,NA,NA,NA,NA,NA,NA,NA,NA,NA,NA,NA,NA,NA,NA,NA,NA,NA,NA,NA,NA,NA,NA,NA,NA,NA,NA,NA,NA,NA,14899,14899,14910,14784,14597,14512,14673
13223,13,223,Paulding County,Georgia,Paulding County,13,223,3,5,17520,18400,19600,20600,21800,22200,22800,24000,24400,25200,26110,27007,27800,28739,29587,31006,33074,35731,38079,40078,42028,44652,47239,51406,55681,59732,63966,68829,73888,79587,83004,88590,93888,99199,104820,111084,119959,127903,133300,136655,41611,NA,NA,NA,NA,NA,NA,NA
13223,13,13223,"Paulding County, Georgia",Georgia,Paulding County,13,13223,NA,NA,NA,NA,NA,NA,NA,NA,NA,NA,NA,NA,NA,NA,NA,NA,NA,NA,NA,NA,NA,NA,NA,NA,NA,NA,NA,NA,NA,NA,NA,NA,NA,NA,NA,NA,NA,NA,NA,NA,NA,NA,NA,142324,142324,142763,143829,145066,147181,148987
13225,13,13225,"Peach County, Georgia",Georgia,Peach County,13,13225,NA,NA,NA,NA,NA,NA,NA,NA,NA,NA,NA,NA,NA,NA,NA,NA,NA,NA,NA,NA,NA,NA,NA,NA,NA,NA,NA,NA,NA,NA,NA,NA,NA,NA,NA,NA,NA,NA,NA,NA,NA,NA,NA,27695,27696,27772,27577,27510,26905,26922
13225,13,225,Peach County,Georgia,Peach County,13,225,3,5,15990,17100,18600,17500,17700,17800,17900,18200,18800,19000,19151,18306,18607,18624,18990,19359,19729,19952,21275,21108,21265,21376,21915,22261,22730,23005,23434,23864,24475,24996,23833,23966,24197,24407,24566,24460,25169,26184,27036,27247,21189,NA,NA,NA,NA,NA,NA,NA
13227,13,227,Pickens County,Georgia,Pickens County,13,227,3,5,9620,9900,9900,10500,10600,10700,11000,11200,11300,11400,11652,11879,12079,12186,12550,12729,13066,13545,13997,14249,14495,14771,14980,15434,16201,16759,17586,18605,19733,21024,23359,24487,25575,26688,27481,28141,29232,30406,31063,31264,14432,NA,NA,NA,NA,NA,NA,NA
13227,13,13227,"Pickens County, Georgia",Georgia,Pickens County,13,13227,NA,NA,NA,NA,NA,NA,NA,NA,NA,NA,NA,NA,NA,NA,NA,NA,NA,NA,NA,NA,NA,NA,NA,NA,NA,NA,NA,NA,NA,NA,NA,NA,NA,NA,NA,NA,NA,NA,NA,NA,NA,NA,NA,29431,29422,29458,29468,29316,29509,29997
13229,13,13229,"Pierce County, Georgia",Georgia,Pierce County,13,13229,NA,NA,NA,NA,NA,NA,NA,NA,NA,NA,NA,NA,NA,NA,NA,NA,NA,NA,NA,NA,NA,NA,NA,NA,NA,NA,NA,NA,NA,NA,NA,NA,NA,NA,NA,NA,NA,NA,NA,NA,NA,NA,NA,18758,18758,18802,18723,18835,18948,18991
13229,13,229,Pierce County,Georgia,Pierce County,13,229,3,5,9281,9500,9700,10100,10400,10800,11200,11600,11600,11700,11897,11825,12321,12123,12286,12647,12781,12846,12965,13104,13407,13473,13610,13993,14439,14803,15250,15503,15763,15804,15697,15808,15989,16239,16713,17129,17412,17851,18176,18580,13328,NA,NA,NA,NA,NA,NA,NA
13231,13,13231,"Pike County, Georgia",Georgia,Pike County,13,13231,NA,NA,NA,NA,NA,NA,NA,NA,NA,NA,NA,NA,NA,NA,NA,NA,NA,NA,NA,NA,NA,NA,NA,NA,NA,NA,NA,NA,NA,NA,NA,NA,NA,NA,NA,NA,NA,NA,NA,NA,NA,NA,NA,17869,17869,17918,17802,17804,17796,17784
13231,13,231,Pike County,Georgia,Pike County,13,231,3,5,7316,7400,7800,7900,8100,8100,8100,8300,8500,8500,8937,8786,9005,8994,9198,9450,9352,9557,9882,10002,10313,10535,10501,10575,10938,11341,11651,12196,12667,13104,13798,14036,14610,15020,15574,15968,16602,17193,17578,17721,10224,NA,NA,NA,NA,NA,NA,NA
13233,13,233,Polk County,Georgia,Polk County,13,233,3,5,29656,30500,31700,32000,32500,32400,32300,32300,32000,32300,32382,32654,32868,32739,32888,33341,33488,33751,34049,33919,33839,34126,34282,34244,34587,34844,35308,35879,36280,36627,38258,38783,39409,39616,39950,40300,40946,41447,42081,42298,33815,NA,NA,NA,NA,NA,NA,NA
13233,13,13233,"Polk County, Georgia",Georgia,Polk County,13,13233,NA,NA,NA,NA,NA,NA,NA,NA,NA,NA,NA,NA,NA,NA,NA,NA,NA,NA,NA,NA,NA,NA,NA,NA,NA,NA,NA,NA,NA,NA,NA,NA,NA,NA,NA,NA,NA,NA,NA,NA,NA,NA,NA,41475,41475,41532,41283,41127,41177,41133
13235,13,235,Pulaski County,Georgia,Pulaski County,13,235,3,5,8066,7900,8200,8300,8300,8400,8500,8700,8700,8800,8950,8977,8879,8810,8706,8577,8478,8336,8160,8160,8122,8051,8088,8196,8247,8233,8238,8303,8412,8359,9579,9608,9664,9660,9708,9650,9761,9803,9778,9897,8108,NA,NA,NA,NA,NA,NA,NA
13235,13,13235,"Pulaski County, Georgia",Georgia,Pulaski County,13,13235,NA,NA,NA,NA,NA,NA,NA,NA,NA,NA,NA,NA,NA,NA,NA,NA,NA,NA,NA,NA,NA,NA,NA,NA,NA,NA,NA,NA,NA,NA,NA,NA,NA,NA,NA,NA,NA,NA,NA,NA,NA,NA,NA,12010,11999,11919,11851,11680,11531,11483
13237,13,237,Putnam County,Georgia,Putnam County,13,237,3,5,8394,8700,8700,8700,9000,9200,9200,9400,9900,10200,10295,10623,10817,11171,11630,12092,12520,12964,13338,13682,14261,14679,14929,15272,15568,16006,16508,16877,17561,18199,18859,19104,19229,19272,19511,19623,19893,20264,20450,20495,14137,NA,NA,NA,NA,NA,NA,NA
13237,13,13237,"Putnam County, Georgia",Georgia,Putnam County,13,13237,NA,NA,NA,NA,NA,NA,NA,NA,NA,NA,NA,NA,NA,NA,NA,NA,NA,NA,NA,NA,NA,NA,NA,NA,NA,NA,NA,NA,NA,NA,NA,NA,NA,NA,NA,NA,NA,NA,NA,NA,NA,NA,NA,21218,21218,21208,21261,21161,21310,21192
13239,13,13239,"Quitman County, Georgia",Georgia,Quitman County,13,13239,NA,NA,NA,NA,NA,NA,NA,NA,NA,NA,NA,NA,NA,NA,NA,NA,NA,NA,NA,NA,NA,NA,NA,NA,NA,NA,NA,NA,NA,NA,NA,NA,NA,NA,NA,NA,NA,NA,NA,NA,NA,NA,NA,2513,2513,2505,2459,2398,2366,2315
13239,13,239,Quitman County,Georgia,Quitman County,13,239,3,5,2180,2000,2100,2200,2200,2300,2300,2300,2300,2400,2357,2316,2309,2277,2190,2235,2189,2149,2192,2245,2212,2237,2245,2293,2346,2386,2459,2470,2488,2449,2603,2629,2584,2526,2520,2599,2641,2649,2685,2659,2210,NA,NA,NA,NA,NA,NA,NA
13241,13,241,Rabun County,Georgia,Rabun County,13,241,3,5,8327,8700,9000,9200,9300,9500,9800,9600,9700,10200,10466,10501,10683,10763,10770,10937,10991,11166,11441,11498,11698,11807,11900,12067,12241,12681,13046,13249,13380,13687,15085,15388,15554,15818,15935,16150,16329,16564,16666,16611,11648,NA,NA,NA,NA,NA,NA,NA
13241,13,13241,"Rabun County, Georgia",Georgia,Rabun County,13,13241,NA,NA,NA,NA,NA,NA,NA,NA,NA,NA,NA,NA,NA,NA,NA,NA,NA,NA,NA,NA,NA,NA,NA,NA,NA,NA,NA,NA,NA,NA,NA,NA,NA,NA,NA,NA,NA,NA,NA,NA,NA,NA,NA,16276,16276,16258,16279,16307,16247,16243
13243,13,13243,"Randolph County, Georgia",Georgia,Randolph County,13,13243,NA,NA,NA,NA,NA,NA,NA,NA,NA,NA,NA,NA,NA,NA,NA,NA,NA,NA,NA,NA,NA,NA,NA,NA,NA,NA,NA,NA,NA,NA,NA,NA,NA,NA,NA,NA,NA,NA,NA,NA,NA,NA,NA,7719,7719,7672,7579,7308,7185,7313
13243,13,243,Randolph County,Georgia,Randolph County,13,243,3,5,8734,8800,9000,9200,9100,9200,9400,9500,9700,9700,9599,9666,9480,9183,9018,8780,8511,8399,8302,8127,8022,8132,8082,8116,8076,8020,7956,7946,7954,8012,7757,7685,7583,7469,7432,7332,7345,7284,7156,7180,8023,NA,NA,NA,NA,NA,NA,NA
13245,13,245,Richmond County,Georgia,Richmond County,13,245,3,5,162437,160500,157600,154800,159800,163000,168200,170000,175000,179400,181629,181976,183190,184925,186940,189698,191775,189371,187739,188152,190442,194745,201734,195835,195976,194569,192397,191680,191374,190310,199663,199579,199092,198345,197895,196821,197172,197322,199311,199768,189719,NA,NA,NA,NA,NA,NA,NA
13245,13,13245,"Richmond County, Georgia",Georgia,Richmond County,13,13245,NA,NA,NA,NA,NA,NA,NA,NA,NA,NA,NA,NA,NA,NA,NA,NA,NA,NA,NA,NA,NA,NA,NA,NA,NA,NA,NA,NA,NA,NA,NA,NA,NA,NA,NA,NA,NA,NA,NA,NA,NA,NA,NA,200549,200549,201015,200595,201966,201276,201368
13247,13,13247,"Rockdale County, Georgia",Georgia,Rockdale County,13,13247,NA,NA,NA,NA,NA,NA,NA,NA,NA,NA,NA,NA,NA,NA,NA,NA,NA,NA,NA,NA,NA,NA,NA,NA,NA,NA,NA,NA,NA,NA,NA,NA,NA,NA,NA,NA,NA,NA,NA,NA,NA,NA,NA,85215,85215,85425,85601,85684,86815,87754
13247,13,247,Rockdale County,Georgia,Rockdale County,13,247,3,5,18152,19500,20700,24300,26600,28300,30000,31900,33400,35400,36570,37876,38639,39404,40876,42466,45169,48136,50083,52316,54648,56880,58786,60341,61905,64305,65389,66956,68278,68968,70566,71712,72987,74656,76330,77810,79605,81835,83400,84569,54091,NA,NA,NA,NA,NA,NA,NA
13249,13,249,Schley County,Georgia,Schley County,13,249,3,5,3097,2800,2800,3000,3100,3200,3200,3200,3300,3500,3433,3427,3461,3462,3516,3504,3627,3650,3619,3560,3594,3581,3586,3612,3702,3732,3811,3839,3953,3949,3783,3793,3793,3789,3818,3942,3977,4125,4277,4325,3590,NA,NA,NA,NA,NA,NA,NA
13249,13,13249,"Schley County, Georgia",Georgia,Schley County,13,13249,NA,NA,NA,NA,NA,NA,NA,NA,NA,NA,NA,NA,NA,NA,NA,NA,NA,NA,NA,NA,NA,NA,NA,NA,NA,NA,NA,NA,NA,NA,NA,NA,NA,NA,NA,NA,NA,NA,NA,NA,NA,NA,NA,5010,5010,5021,5025,4989,5072,5163
13251,13,251,Screven County,Georgia,Screven County,13,251,3,5,12591,12800,12600,12700,12700,13000,13300,13600,13600,14000,14043,14095,14068,14075,14300,14461,14851,14582,14281,14134,13812,13747,13764,14006,14035,14143,14216,14398,14451,14463,15370,15115,15327,15160,15186,15185,15024,15047,15076,15054,13842,NA,NA,NA,NA,NA,NA,NA
13251,13,13251,"Screven County, Georgia",Georgia,Screven County,13,13251,NA,NA,NA,NA,NA,NA,NA,NA,NA,NA,NA,NA,NA,NA,NA,NA,NA,NA,NA,NA,NA,NA,NA,NA,NA,NA,NA,NA,NA,NA,NA,NA,NA,NA,NA,NA,NA,NA,NA,NA,NA,NA,NA,14593,14593,14511,14393,14200,14216,14085
13253,13,253,Seminole County,Georgia,Seminole County,13,253,3,5,7059,7500,7700,8000,8300,8600,8700,8800,8800,9000,9057,9136,9011,8866,8953,8870,8909,8849,8823,8965,9015,9105,9110,9195,9325,9161,9427,9624,9762,9803,9361,9287,9290,9155,9205,9083,9049,9012,9101,9094,9010,NA,NA,NA,NA,NA,NA,NA
13253,13,13253,"Seminole County, Georgia",Georgia,Seminole County,13,13253,NA,NA,NA,NA,NA,NA,NA,NA,NA,NA,NA,NA,NA,NA,NA,NA,NA,NA,NA,NA,NA,NA,NA,NA,NA,NA,NA,NA,NA,NA,NA,NA,NA,NA,NA,NA,NA,NA,NA,NA,NA,NA,NA,8729,8729,8733,8782,8915,8903,8686
13255,13,13255,"Spalding County, Georgia",Georgia,Spalding County,13,13255,NA,NA,NA,NA,NA,NA,NA,NA,NA,NA,NA,NA,NA,NA,NA,NA,NA,NA,NA,NA,NA,NA,NA,NA,NA,NA,NA,NA,NA,NA,NA,NA,NA,NA,NA,NA,NA,NA,NA,NA,NA,NA,NA,64073,64073,64085,64118,63799,63741,63988
13255,13,255,Spalding County,Georgia,Spalding County,13,255,3,5,39514,40600,42100,42700,43700,44500,45200,46000,46500,47000,47899,48949,49564,49774,49975,50841,51861,52674,53458,53887,54704,55472,56096,56605,56799,57017,57394,57442,57603,57825,58486,59001,59868,60369,60744,61278,62232,63056,64089,64708,54457,NA,NA,NA,NA,NA,NA,NA
13257,13,13257,"Stephens County, Georgia",Georgia,Stephens County,13,13257,NA,NA,NA,NA,NA,NA,NA,NA,NA,NA,NA,NA,NA,NA,NA,NA,NA,NA,NA,NA,NA,NA,NA,NA,NA,NA,NA,NA,NA,NA,NA,NA,NA,NA,NA,NA,NA,NA,NA,NA,NA,NA,NA,26175,26175,26155,25751,25725,25595,25480
13257,13,257,Stephens County,Georgia,Stephens County,13,257,3,5,20331,20800,21000,21400,21500,21400,21700,21700,21700,21700,21761,21998,22051,22374,22324,22695,22643,22906,23145,23219,23477,23764,24045,24407,24664,24968,25198,25234,25358,25332,25476,25564,25586,25336,25146,25074,25155,25214,25566,25700,23436,NA,NA,NA,NA,NA,NA,NA
13259,13,13259,"Stewart County, Georgia",Georgia,Stewart County,13,13259,NA,NA,NA,NA,NA,NA,NA,NA,NA,NA,NA,NA,NA,NA,NA,NA,NA,NA,NA,NA,NA,NA,NA,NA,NA,NA,NA,NA,NA,NA,NA,NA,NA,NA,NA,NA,NA,NA,NA,NA,NA,NA,NA,6058,6058,6110,6070,6090,5484,5744
13259,13,259,Stewart County,Georgia,Stewart County,13,259,3,5,6511,6400,6100,6100,6100,6000,6000,6000,6000,6000,5896,5972,5905,5951,6043,5928,5827,5712,5677,5659,5653,5560,5534,5522,5454,5440,5492,5417,5410,5374,5255,5172,5097,4986,4896,4795,4676,4589,4572,4558,5654,NA,NA,NA,NA,NA,NA,NA
13261,13,261,Sumter County,Georgia,Sumter County,13,261,3,5,26931,27700,28200,28400,28500,28300,28000,28300,28500,29000,29360,30232,30338,30414,30659,30613,30498,30131,29946,30186,30296,30550,30809,31142,31168,31060,31471,31500,31288,31362,33253,33211,33088,32997,32687,32362,32504,32560,32307,32084,30232,NA,NA,NA,NA,NA,NA,NA
13261,13,13261,"Sumter County, Georgia",Georgia,Sumter County,13,13261,NA,NA,NA,NA,NA,NA,NA,NA,NA,NA,NA,NA,NA,NA,NA,NA,NA,NA,NA,NA,NA,NA,NA,NA,NA,NA,NA,NA,NA,NA,NA,NA,NA,NA,NA,NA,NA,NA,NA,NA,NA,NA,NA,32819,32817,32707,32095,31631,31357,31232
13263,13,13263,"Talbot County, Georgia",Georgia,Talbot County,13,13263,NA,NA,NA,NA,NA,NA,NA,NA,NA,NA,NA,NA,NA,NA,NA,NA,NA,NA,NA,NA,NA,NA,NA,NA,NA,NA,NA,NA,NA,NA,NA,NA,NA,NA,NA,NA,NA,NA,NA,NA,NA,NA,NA,6865,6863,6834,6760,6538,6449,6390
13263,13,263,Talbot County,Georgia,Talbot County,13,263,3,5,6625,6600,6400,6500,6600,6700,6700,6800,6600,6700,6536,6647,6605,6515,6343,6407,6399,6434,6487,6539,6539,6573,6659,6740,6652,6644,6744,6903,6977,6969,6535,6586,6600,6483,6521,6585,6561,6568,6412,6355,6524,NA,NA,NA,NA,NA,NA,NA
13265,13,265,Taliaferro County,Georgia,Taliaferro County,13,265,3,5,2423,2400,2400,2300,2500,2300,2200,2200,2100,2100,2032,2080,2063,2057,2051,2085,2083,2036,2004,1956,1904,1847,1813,1787,1792,1831,1878,1881,1917,1924,2079,2033,2039,1921,1901,1854,1861,1848,1826,1812,1915,NA,NA,NA,NA,NA,NA,NA
13265,13,13265,"Taliaferro County, Georgia",Georgia,Taliaferro County,13,13265,NA,NA,NA,NA,NA,NA,NA,NA,NA,NA,NA,NA,NA,NA,NA,NA,NA,NA,NA,NA,NA,NA,NA,NA,NA,NA,NA,NA,NA,NA,NA,NA,NA,NA,NA,NA,NA,NA,NA,NA,NA,NA,NA,1717,1717,1708,1715,1681,1693,1693
13267,13,13267,"Tattnall County, Georgia",Georgia,Tattnall County,13,13267,NA,NA,NA,NA,NA,NA,NA,NA,NA,NA,NA,NA,NA,NA,NA,NA,NA,NA,NA,NA,NA,NA,NA,NA,NA,NA,NA,NA,NA,NA,NA,NA,NA,NA,NA,NA,NA,NA,NA,NA,NA,NA,NA,25520,25519,25491,25281,25305,25477,25224
13267,13,267,Tattnall County,Georgia,Tattnall County,13,267,3,5,16557,16800,15700,16100,16500,17500,18000,18300,18600,18300,18134,17946,17522,17524,17709,17868,17839,17830,18006,17803,17739,17850,18005,18072,18219,18587,18738,19053,19039,19171,22313,22159,22121,22255,22733,22820,22996,22976,23263,24493,17722,NA,NA,NA,NA,NA,NA,NA
13269,13,13269,"Taylor County, Georgia",Georgia,Taylor County,13,13269,NA,NA,NA,NA,NA,NA,NA,NA,NA,NA,NA,NA,NA,NA,NA,NA,NA,NA,NA,NA,NA,NA,NA,NA,NA,NA,NA,NA,NA,NA,NA,NA,NA,NA,NA,NA,NA,NA,NA,NA,NA,NA,NA,8906,8906,8781,8478,8381,8441,8442
13269,13,269,Taylor County,Georgia,Taylor County,13,269,3,5,7865,7700,8100,8100,8100,8100,8100,8000,8000,8100,7902,7920,7853,7757,7759,7741,7716,7684,7597,7575,7674,7618,7644,7677,7867,8024,8136,8170,8228,8287,8818,8744,8798,8806,8803,8708,8611,8655,8707,8587,7642,NA,NA,NA,NA,NA,NA,NA
13271,13,13271,"Telfair County, Georgia",Georgia,Telfair County,13,13271,NA,NA,NA,NA,NA,NA,NA,NA,NA,NA,NA,NA,NA,NA,NA,NA,NA,NA,NA,NA,NA,NA,NA,NA,NA,NA,NA,NA,NA,NA,NA,NA,NA,NA,NA,NA,NA,NA,NA,NA,NA,NA,NA,16500,16500,16494,16317,16429,16705,16518
13271,13,271,Telfair County,Georgia,Telfair County,13,271,3,5,11394,11500,11800,11400,11200,11300,11200,11400,11500,11900,11445,11567,11488,11527,11401,11396,11343,11240,11174,11111,10994,11053,11593,11308,11564,11577,11573,11451,11537,11406,11797,11723,11564,12758,13194,13227,13176,13298,13235,12792,11000,NA,NA,NA,NA,NA,NA,NA
13273,13,273,Terrell County,Georgia,Terrell County,13,273,3,5,11416,11300,11700,11700,11700,11900,12200,12300,12000,12000,12017,11963,11919,11794,11699,11511,11310,11326,11123,10816,10632,10566,10523,10716,10896,10989,11070,11089,11142,11205,10968,10950,10823,10897,10792,10545,10430,10258,10268,10320,10653,NA,NA,NA,NA,NA,NA,NA
13273,13,13273,"Terrell County, Georgia",Georgia,Terrell County,13,13273,NA,NA,NA,NA,NA,NA,NA,NA,NA,NA,NA,NA,NA,NA,NA,NA,NA,NA,NA,NA,NA,NA,NA,NA,NA,NA,NA,NA,NA,NA,NA,NA,NA,NA,NA,NA,NA,NA,NA,NA,NA,NA,NA,9315,9507,9525,9398,9247,9214,9132
13275,13,275,Thomas County,Georgia,Thomas County,13,275,3,5,34562,35400,35900,36800,36100,37600,37500,37800,37900,38400,38098,38463,38844,39051,38434,38518,38640,39080,39089,39220,38916,39082,39472,39649,40108,41228,41762,42573,42891,42896,42815,42880,42916,43427,43366,44273,44764,45301,45849,46188,38943,NA,NA,NA,NA,NA,NA,NA
13275,13,13275,"Thomas County, Georgia",Georgia,Thomas County,13,13275,NA,NA,NA,NA,NA,NA,NA,NA,NA,NA,NA,NA,NA,NA,NA,NA,NA,NA,NA,NA,NA,NA,NA,NA,NA,NA,NA,NA,NA,NA,NA,NA,NA,NA,NA,NA,NA,NA,NA,NA,NA,NA,NA,44720,44719,44742,44588,44530,44848,44959
13277,13,277,Tift County,Georgia,Tift County,13,277,3,5,27288,28400,29100,30300,30300,30900,32000,32600,32300,32600,32862,33695,33809,33642,33664,34078,34192,34314,34576,34948,35036,35355,35592,35401,35707,36248,36488,36618,36787,36975,38445,38550,38949,39270,40012,40481,41516,42152,42554,42959,34998,NA,NA,NA,NA,NA,NA,NA
13277,13,13277,"Tift County, Georgia",Georgia,Tift County,13,13277,NA,NA,NA,NA,NA,NA,NA,NA,NA,NA,NA,NA,NA,NA,NA,NA,NA,NA,NA,NA,NA,NA,NA,NA,NA,NA,NA,NA,NA,NA,NA,NA,NA,NA,NA,NA,NA,NA,NA,NA,NA,NA,NA,40118,40122,40246,41380,40994,40280,40704
13279,13,13279,"Toombs County, Georgia",Georgia,Toombs County,13,13279,NA,NA,NA,NA,NA,NA,NA,NA,NA,NA,NA,NA,NA,NA,NA,NA,NA,NA,NA,NA,NA,NA,NA,NA,NA,NA,NA,NA,NA,NA,NA,NA,NA,NA,NA,NA,NA,NA,NA,NA,NA,NA,NA,27223,27223,27317,27240,27217,27302,27282
13279,13,279,Toombs County,Georgia,Toombs County,13,279,3,5,19151,19900,20200,21000,21300,21700,21900,22300,22300,22600,22592,22746,23015,23140,23536,23593,23873,24017,24155,24076,24117,24169,24462,24653,24644,25026,25466,25665,25822,25990,26106,26063,26128,26191,26421,26900,27296,27767,28083,27959,24072,NA,NA,NA,NA,NA,NA,NA
13281,13,281,Towns County,Georgia,Towns County,13,281,3,5,4565,4900,4800,4900,5000,5000,5100,5200,5300,5500,5638,5922,6039,6164,6236,6254,6385,6561,6542,6688,6774,6871,7007,7249,7390,7636,7987,8204,8477,8800,9371,9575,9678,9937,10129,10260,10655,10849,10984,11010,6754,NA,NA,NA,NA,NA,NA,NA
13281,13,13281,"Towns County, Georgia",Georgia,Towns County,13,13281,NA,NA,NA,NA,NA,NA,NA,NA,NA,NA,NA,NA,NA,NA,NA,NA,NA,NA,NA,NA,NA,NA,NA,NA,NA,NA,NA,NA,NA,NA,NA,NA,NA,NA,NA,NA,NA,NA,NA,NA,NA,NA,NA,10471,10471,10534,10477,10487,10752,11098
13283,13,283,Treutlen County,Georgia,Treutlen County,13,283,3,5,5647,5700,5700,5700,5800,5900,6000,6100,6100,6100,6087,6148,6190,6157,6148,6075,6010,6030,6021,6024,5993,5995,5925,5922,5949,5936,5928,5960,5966,5933,6882,6930,6924,6972,7014,6732,6845,6905,6995,7058,5994,NA,NA,NA,NA,NA,NA,NA
13283,13,13283,"Treutlen County, Georgia",Georgia,Treutlen County,13,13283,NA,NA,NA,NA,NA,NA,NA,NA,NA,NA,NA,NA,NA,NA,NA,NA,NA,NA,NA,NA,NA,NA,NA,NA,NA,NA,NA,NA,NA,NA,NA,NA,NA,NA,NA,NA,NA,NA,NA,NA,NA,NA,NA,6885,6885,6889,6821,6751,6665,6778
13285,13,13285,"Troup County, Georgia",Georgia,Troup County,13,13285,NA,NA,NA,NA,NA,NA,NA,NA,NA,NA,NA,NA,NA,NA,NA,NA,NA,NA,NA,NA,NA,NA,NA,NA,NA,NA,NA,NA,NA,NA,NA,NA,NA,NA,NA,NA,NA,NA,NA,NA,NA,NA,NA,67044,67044,67154,67773,68472,69007,69469
13285,13,285,Troup County,Georgia,Troup County,13,285,3,5,44466,44700,44700,45700,46500,47100,47500,47800,48300,49200,50003,50401,51196,51438,52500,53438,53901,54051,54598,55598,55592,56415,56545,56914,57459,57854,58326,58344,58574,58801,58892,59617,59828,60162,61205,62245,62656,63398,64119,64653,55532,NA,NA,NA,NA,NA,NA,NA
13287,13,13287,"Turner County, Georgia",Georgia,Turner County,13,13287,NA,NA,NA,NA,NA,NA,NA,NA,NA,NA,NA,NA,NA,NA,NA,NA,NA,NA,NA,NA,NA,NA,NA,NA,NA,NA,NA,NA,NA,NA,NA,NA,NA,NA,NA,NA,NA,NA,NA,NA,NA,NA,NA,8930,8930,8944,8847,8369,8143,8153
13287,13,287,Turner County,Georgia,Turner County,13,287,3,5,8790,8600,8800,8800,8800,9000,9100,9200,9300,9400,9510,9455,9461,9528,9489,9323,9320,9060,8931,8842,8693,8794,8648,8891,8911,8836,9045,9108,9188,9249,9501,9535,9633,9523,9494,9488,9406,9380,9341,9254,8703,NA,NA,NA,NA,NA,NA,NA
13289,13,13289,"Twiggs County, Georgia",Georgia,Twiggs County,13,13289,NA,NA,NA,NA,NA,NA,NA,NA,NA,NA,NA,NA,NA,NA,NA,NA,NA,NA,NA,NA,NA,NA,NA,NA,NA,NA,NA,NA,NA,NA,NA,NA,NA,NA,NA,NA,NA,NA,NA,NA,NA,NA,NA,9023,9023,8965,8813,8501,8462,8320
13289,13,289,Twiggs County,Georgia,Twiggs County,13,289,3,5,8222,8100,8200,8500,8400,8500,8500,8900,9300,9700,9354,9402,9416,9398,9479,9728,9694,9696,9603,9771,9832,9774,9719,9728,9855,10019,9869,9793,10116,10198,10571,10534,10725,10779,10675,10469,10291,10218,10204,10111,9806,NA,NA,NA,NA,NA,NA,NA
13291,13,291,Union County,Georgia,Union County,13,291,3,5,6811,7200,7600,7800,8100,8300,8700,8700,8700,8900,9390,9710,9857,9945,10134,10314,10611,10964,11357,11730,12071,12392,12895,13211,13599,14379,14959,15751,16506,17234,17404,17843,18352,19004,19356,19797,20376,20894,21175,21252,11993,NA,NA,NA,NA,NA,NA,NA
13291,13,13291,"Union County, Georgia",Georgia,Union County,13,13291,NA,NA,NA,NA,NA,NA,NA,NA,NA,NA,NA,NA,NA,NA,NA,NA,NA,NA,NA,NA,NA,NA,NA,NA,NA,NA,NA,NA,NA,NA,NA,NA,NA,NA,NA,NA,NA,NA,NA,NA,NA,NA,NA,21356,21356,21324,21369,21481,21607,21984
13293,13,13293,"Upson County, Georgia",Georgia,Upson County,13,13293,NA,NA,NA,NA,NA,NA,NA,NA,NA,NA,NA,NA,NA,NA,NA,NA,NA,NA,NA,NA,NA,NA,NA,NA,NA,NA,NA,NA,NA,NA,NA,NA,NA,NA,NA,NA,NA,NA,NA,NA,NA,NA,NA,27153,27153,27067,26943,26615,26522,26256
13293,13,293,Upson County,Georgia,Upson County,13,293,3,5,23505,23700,24400,24500,24700,25000,24800,25300,25700,25900,25998,26346,26530,26486,26471,26091,26383,26388,26340,26435,26318,26263,26309,26436,26633,26794,26892,27130,27061,27079,27617,27711,27580,27619,27515,27492,27430,27547,27484,27551,26300,NA,NA,NA,NA,NA,NA,NA
13295,13,13295,"Walker County, Georgia",Georgia,Walker County,13,13295,NA,NA,NA,NA,NA,NA,NA,NA,NA,NA,NA,NA,NA,NA,NA,NA,NA,NA,NA,NA,NA,NA,NA,NA,NA,NA,NA,NA,NA,NA,NA,NA,NA,NA,NA,NA,NA,NA,NA,NA,NA,NA,NA,68756,68756,68889,68618,68184,68317,68218
13295,13,295,Walker County,Georgia,Walker County,13,295,3,5,50691,52200,53600,54300,54900,55300,56200,56100,55800,56500,56470,56852,57173,56959,56865,57171,57396,57675,58287,58494,58360,58798,59156,59401,59746,60573,61269,62176,62690,62963,61114,61585,61964,62187,62603,63148,63915,64558,64869,64983,58310,NA,NA,NA,NA,NA,NA,NA
13297,13,13297,"Walton County, Georgia",Georgia,Walton County,13,13297,NA,NA,NA,NA,NA,NA,NA,NA,NA,NA,NA,NA,NA,NA,NA,NA,NA,NA,NA,NA,NA,NA,NA,NA,NA,NA,NA,NA,NA,NA,NA,NA,NA,NA,NA,NA,NA,NA,NA,NA,NA,NA,NA,83768,83768,83979,84441,84867,85987,87615
13297,13,297,Walton County,Georgia,Walton County,13,297,3,5,23404,25200,25900,28200,29000,29500,29800,30500,30600,31100,31211,31111,31576,31896,32671,33655,34995,36132,36991,38029,38763,39853,40603,42483,44811,46916,49296,51429,54629,58498,61559,64295,66856,69204,71741,75494,79295,83241,85872,87311,38586,NA,NA,NA,NA,NA,NA,NA
13299,13,299,Ware County,Georgia,Ware County,13,299,3,5,33525,34200,35300,35400,36300,36900,36800,37300,37200,37600,37180,37398,37375,36849,36912,37005,36785,36664,36285,35748,35451,35521,35790,35801,35646,35694,35467,35630,35414,35232,35439,35442,35152,35160,34915,34922,35538,35931,35984,35914,35471,NA,NA,NA,NA,NA,NA,NA
13299,13,13299,"Ware County, Georgia",Georgia,Ware County,13,13299,NA,NA,NA,NA,NA,NA,NA,NA,NA,NA,NA,NA,NA,NA,NA,NA,NA,NA,NA,NA,NA,NA,NA,NA,NA,NA,NA,NA,NA,NA,NA,NA,NA,NA,NA,NA,NA,NA,NA,NA,NA,NA,NA,36312,36306,36366,36177,35814,35704,35515
13301,13,301,Warren County,Georgia,Warren County,13,301,3,5,6669,7000,7300,7000,6300,6300,6200,6300,6500,6600,6583,6645,6621,6515,6562,6431,6385,6339,6226,6184,6070,6079,6020,6061,6035,6026,5972,5998,6070,6075,6296,6356,6249,6183,6130,6063,5930,5865,5823,5755,6078,NA,NA,NA,NA,NA,NA,NA
13301,13,13301,"Warren County, Georgia",Georgia,Warren County,13,13301,NA,NA,NA,NA,NA,NA,NA,NA,NA,NA,NA,NA,NA,NA,NA,NA,NA,NA,NA,NA,NA,NA,NA,NA,NA,NA,NA,NA,NA,NA,NA,NA,NA,NA,NA,NA,NA,NA,NA,NA,NA,NA,NA,5834,5834,5792,5701,5563,5554,5520
13303,13,303,Washington County,Georgia,Washington County,13,303,3,5,17480,17700,17600,17900,17800,18100,18300,18500,18500,18900,18842,18998,18964,18994,18995,19078,18925,18934,18993,19117,19159,19285,19448,19572,19713,19796,19802,20019,20055,20198,21160,21119,20908,20970,20901,19914,20520,20853,20874,20879,19112,NA,NA,NA,NA,NA,NA,NA
13303,13,13303,"Washington County, Georgia",Georgia,Washington County,13,13303,NA,NA,NA,NA,NA,NA,NA,NA,NA,NA,NA,NA,NA,NA,NA,NA,NA,NA,NA,NA,NA,NA,NA,NA,NA,NA,NA,NA,NA,NA,NA,NA,NA,NA,NA,NA,NA,NA,NA,NA,NA,NA,NA,21187,21187,21121,21015,20857,20679,20635
13305,13,305,Wayne County,Georgia,Wayne County,13,305,3,5,17858,18300,19000,19500,19400,19800,19900,20000,20100,20400,20750,21194,21509,21553,21536,21591,21620,21879,21927,22092,22449,23206,23742,23883,24054,24572,24643,24983,25360,25610,26591,26845,27207,27679,27990,28263,28568,28996,29535,29407,22356,NA,NA,NA,NA,NA,NA,NA
13305,13,13305,"Wayne County, Georgia",Georgia,Wayne County,13,13305,NA,NA,NA,NA,NA,NA,NA,NA,NA,NA,NA,NA,NA,NA,NA,NA,NA,NA,NA,NA,NA,NA,NA,NA,NA,NA,NA,NA,NA,NA,NA,NA,NA,NA,NA,NA,NA,NA,NA,NA,NA,NA,NA,30099,30099,30116,30355,30371,30058,29949
13307,13,13307,"Webster County, Georgia",Georgia,Webster County,13,13307,NA,NA,NA,NA,NA,NA,NA,NA,NA,NA,NA,NA,NA,NA,NA,NA,NA,NA,NA,NA,NA,NA,NA,NA,NA,NA,NA,NA,NA,NA,NA,NA,NA,NA,NA,NA,NA,NA,NA,NA,NA,NA,NA,2799,2801,2775,2797,2792,2707,2649
13307,13,307,Webster County,Georgia,Webster County,13,307,3,5,2362,2400,2500,2500,2400,2300,2200,2300,2300,2300,2341,2399,2384,2376,2333,2278,2318,2301,2265,2260,2259,2245,2226,2222,2241,2247,2213,2262,2200,2203,2377,2288,2247,2278,2275,2240,2232,2266,2200,2192,2263,NA,NA,NA,NA,NA,NA,NA
13309,13,309,Wheeler County,Georgia,Wheeler County,13,309,3,5,4596,4700,4800,4800,4700,4800,4900,5000,5100,5100,5155,5145,5159,5054,5099,5100,5019,4987,4937,4881,4921,4907,4829,4887,4814,4800,4916,4983,4900,4864,6183,6674,6539,6502,6401,6589,6830,6783,6885,7010,4903,NA,NA,NA,NA,NA,NA,NA
13309,13,13309,"Wheeler County, Georgia",Georgia,Wheeler County,13,13309,NA,NA,NA,NA,NA,NA,NA,NA,NA,NA,NA,NA,NA,NA,NA,NA,NA,NA,NA,NA,NA,NA,NA,NA,NA,NA,NA,NA,NA,NA,NA,NA,NA,NA,NA,NA,NA,NA,NA,NA,NA,NA,NA,7421,7421,7761,8059,7908,7939,7995
13311,13,311,White County,Georgia,White County,13,311,3,5,7742,7900,8200,8400,8700,8800,9100,9400,9500,9900,10120,10437,10615,10899,11127,11485,11566,11941,12271,12743,13092,13412,13868,14082,14551,15348,16087,16838,17485,18195,20127,20931,21929,22631,23287,23769,24451,24873,25122,25294,13006,NA,NA,NA,NA,NA,NA,NA
13311,13,13311,"White County, Georgia",Georgia,White County,13,13311,NA,NA,NA,NA,NA,NA,NA,NA,NA,NA,NA,NA,NA,NA,NA,NA,NA,NA,NA,NA,NA,NA,NA,NA,NA,NA,NA,NA,NA,NA,NA,NA,NA,NA,NA,NA,NA,NA,NA,NA,NA,NA,NA,27144,27144,27237,27403,27577,27781,27970
13313,13,13313,"Whitfield County, Georgia",Georgia,Whitfield County,13,13313,NA,NA,NA,NA,NA,NA,NA,NA,NA,NA,NA,NA,NA,NA,NA,NA,NA,NA,NA,NA,NA,NA,NA,NA,NA,NA,NA,NA,NA,NA,NA,NA,NA,NA,NA,NA,NA,NA,NA,NA,NA,NA,NA,102599,102599,102769,103076,103187,103087,103542
13313,13,313,Whitfield County,Georgia,Whitfield County,13,313,3,5,55108,57600,59200,61300,62800,62300,62500,63900,64900,65700,65775,66610,66321,66518,67686,68475,69266,70573,71628,72202,72630,73204,73968,75066,76964,78475,79771,81171,82042,83220,84064,85447,86381,86972,88518,89975,91331,92707,93748,93698,72462,NA,NA,NA,NA,NA,NA,NA
13315,13,13315,"Wilcox County, Georgia",Georgia,Wilcox County,13,13315,NA,NA,NA,NA,NA,NA,NA,NA,NA,NA,NA,NA,NA,NA,NA,NA,NA,NA,NA,NA,NA,NA,NA,NA,NA,NA,NA,NA,NA,NA,NA,NA,NA,NA,NA,NA,NA,NA,NA,NA,NA,NA,NA,9255,9255,9271,9165,9027,8996,8847
13315,13,315,Wilcox County,Georgia,Wilcox County,13,315,3,5,6998,7000,6900,7100,7100,7200,7300,7500,7700,7600,7682,7540,7552,7418,7330,7269,7223,7179,7183,7094,6994,7024,7003,7012,7078,7162,7246,7323,7361,7419,8574,8786,8659,8675,8709,8599,8652,8668,8791,8895,7008,NA,NA,NA,NA,NA,NA,NA
13317,13,13317,"Wilkes County, Georgia",Georgia,Wilkes County,13,13317,NA,NA,NA,NA,NA,NA,NA,NA,NA,NA,NA,NA,NA,NA,NA,NA,NA,NA,NA,NA,NA,NA,NA,NA,NA,NA,NA,NA,NA,NA,NA,NA,NA,NA,NA,NA,NA,NA,NA,NA,NA,NA,NA,10593,10593,10491,10194,10046,9944,9940
13317,13,317,Wilkes County,Georgia,Wilkes County,13,317,3,5,10184,10400,10700,10500,10300,10400,10400,10600,10700,10700,10951,11013,11140,11114,11238,11164,11058,11000,10805,10734,10578,10587,10651,10626,10560,10581,10561,10634,10606,10556,10670,10593,10605,10604,10435,10332,10307,10241,10314,10268,10597,NA,NA,NA,NA,NA,NA,NA
13319,13,13319,"Wilkinson County, Georgia",Georgia,Wilkinson County,13,13319,NA,NA,NA,NA,NA,NA,NA,NA,NA,NA,NA,NA,NA,NA,NA,NA,NA,NA,NA,NA,NA,NA,NA,NA,NA,NA,NA,NA,NA,NA,NA,NA,NA,NA,NA,NA,NA,NA,NA,NA,NA,NA,NA,9563,9563,9516,9457,9542,9436,9326
13319,13,319,Wilkinson County,Georgia,Wilkinson County,13,319,3,5,9393,10000,10000,10100,9900,10100,10100,10100,10200,10400,10368,10265,10372,10484,10439,10483,10388,10314,10275,10272,10261,10236,10278,10449,10446,10616,10782,10777,10863,10908,10222,10298,10238,10173,10123,10083,10019,10031,10013,10076,10228,NA,NA,NA,NA,NA,NA,NA
13321,13,13321,"Worth County, Georgia",Georgia,Worth County,13,13321,NA,NA,NA,NA,NA,NA,NA,NA,NA,NA,NA,NA,NA,NA,NA,NA,NA,NA,NA,NA,NA,NA,NA,NA,NA,NA,NA,NA,NA,NA,NA,NA,NA,NA,NA,NA,NA,NA,NA,NA,NA,NA,NA,21679,21679,21734,21617,21470,21064,20940
13321,13,321,Worth County,Georgia,Worth County,13,321,3,5,14770,15500,16100,16500,17100,17200,17300,17700,17600,17800,18064,18363,18629,18709,18886,18968,19308,19353,19602,19818,19750,19966,20370,20746,21128,21412,21944,22288,22446,22483,21968,21971,21767,21723,21664,21432,21473,21315,21322,21214,19744,NA,NA,NA,NA,NA,NA,NA
